from,area,subArea
abastecimento,Agropecuária,Abastecimento
abastecimento-de-agua,Meio ambiente,Água
acesso-a-recursos-geneticos-naturais,Meio ambiente,Biodiversidade
acesso-ao-patrimonio-genetico,Meio ambiente,Biodiversidade
acesso-e-divulgacao-da-producao-cientifica,Educação,Educação superior
acidentes-com-produtos-quimicos-perigosos,Meio ambiente,
acidentes-de-transito,Transportes,
acoes-e-politica-de-prevencao-e-repressao-ao-crime,Segurança e Ordem Pública,
acordo-de-nivel-de-servico-de-gestao-ambiental,Meio ambiente,
acordos-e-tratados-de-cooperacao-internacionais,Meio ambiente,Água
acordos-internacionais,Relações Internacionais,
acupuntura,Saúde,
adaptacao-a-mudanca-do-clima,Meio ambiente,
aditivos-de-alimentos,Agropecuária,
administracao-de-concessoes,Economia e Finanças,
administracao-de-despesas,Economia e Finanças,
administracao-de-receitas,Economia e Finanças,
administracao-financeira,Economia e Finanças,
administracao-publica,Administração,
adocao-de-tecnologias-sustentaveis,Meio ambiente,Biodiversidade
adubacao-e-correcao,Agropecuária,
aeronautica,Defesa Nacional,
aeroportos,Comércio e Serviços,Turismo
afro-brasileiro,Cultura,
agencia-de-agua,Meio ambiente,Água
agencia-de-fomento-a-pos-graduacao,Educação,Educação superior
agencias-de-viagens,Comércio e Serviços,Turismo
agenda-21,Meio ambiente,
agenda-ambiental-na-administracao-publica-a3p,Meio ambiente,
agricultura-de-precisao,Agropecuária,Produção agropecuária
agricultura-de-subsistencia,Agropecuária,
agricultura-extrativismo-e-pesca,Agropecuária,
agricultura-familiar,Agropecuária,
agricultura-familiar,Meio ambiente,Biodiversidade
agricultura-organica,Agropecuária,
agrobiodiversidade,Meio ambiente,Biodiversidade
agroestrativismo,Meio ambiente,
agroextrativismo,Meio ambiente,Biodiversidade
agroindustria,Indústria,Propriedade Industrial
agroindustria,Meio ambiente,Biodiversidade
agronegocio,Agropecuária,
agronegocio,Meio ambiente,Biodiversidade
agrotoxicos,Meio ambiente,
agrotoxicos,Meio ambiente,Biodiversidade
agua,Urbanismo,Serviços Urbanos
agua-de-lastro,Meio ambiente,Biodiversidade
aguas,Meio ambiente,Água
aguas-de-chuva,Meio ambiente,Água
aguas-subterraneas,Meio ambiente,Água
aguas-superficiais,Meio ambiente,Água
aguas-transfronteiricas,Meio ambiente,Água
aguas-transfrontericas,Meio ambiente,Água
aids,Saúde,
alcool,Energia,Combustíveis
aleitamento-materno,Saúde,
alfabetizacao-de-jovens-e-adultos,Educação,
alienacao-de-bens,Administração,
alimentacao-do-trabalhador,Trabalho,
alimentacao-e-nutricao,Saúde,
alimentacao-escolar,Educação,
alimentacao-saudavel,Saúde,
alimento,Agropecuária,
alto-paraguai,Meio ambiente,Água
alvara-de-funcionamento,Urbanismo,Serviços Urbanos
amazonia,Meio ambiente,Biodiversidade
amazonica,Meio ambiente,Água
ambiente-e-saude,Saúde,
ambientes-ocupados-pelo-homem,Meio ambiente,Preservação e Conservação Ambiental
ambulatorio,Saúde,Assistência Hospitalar e Ambulatorial
ameacas-a-biodiversidade,Meio ambiente,Biodiversidade
ampliacao,Urbanismo,
analise-de-risco-area-animal,Agropecuária,
analise-de-risco-area-vegetal,Agropecuária,
analise-de-risco-das-especies-exoticas-invasoras,Meio ambiente,Biodiversidade
animacao,Cultura,
animais-exoticos,Agropecuária,
antartida,Meio ambiente,Biodiversidade
apicultura,Agropecuária,
aplicacao-dos-recursos,Meio ambiente,
apoio-escolar,Educação,
apoio-tecnico-a-pesquisa-e-iniciacao-cientifica,Educação,Educação superior
aposentadoria-especial,Previdência Social,
aposentadoria-por-idade,Previdência Social,
aposentadoria-por-invalidez,Previdência Social,
aposentadoria-por-tempo-de-contribuicao,Previdência Social,
aquecimento-global,Meio ambiente,
aquicultura,Agropecuária,
aquicultura,Meio ambiente,Biodiversidade
aquicultura-e-pesca,Meio ambiente,Água
area-de-preservacao-permanente-app,Meio ambiente,Preservação e Conservação Ambiental
area-de-relevante-interesse-ecologico,Meio ambiente,Preservação e Conservação Ambiental
areas-ambientalmente-sensiveis,Meio ambiente,Preservação e Conservação Ambiental
areas-de-protecao-ambiental,Meio ambiente,Preservação e Conservação Ambiental
areas-degradadas,Meio ambiente,
areas-desmatadas,Meio ambiente,
areas-desmatadas,Meio ambiente,Biodiversidade
areas-embargadas-pelo-ibama,Meio ambiente,
areas-prioritarias-para-a-biodiversidade,Meio ambiente,Biodiversidade
areas-prioritarias-para-a-biodiversidade,Meio ambiente,Preservação e Conservação Ambiental
areas-protegidas,Meio ambiente,Preservação e Conservação Ambiental
areas-protegidas-com-reconhecimento-internacional,Meio ambiente,Preservação e Conservação Ambiental
areas-susceptiveis-a-desertificacao,Meio ambiente,
armazenamento-de-alimento,Agropecuária,Abastecimento
arquitetura-e-engenharia-em-saude,Saúde,
arquivos,Comunicações,
arranjos-produtivos-locais-apl,Meio ambiente,Biodiversidade
artes-cenicas,Cultura,
artes-graficas,Cultura,
artes-visuais,Cultura,
asilo-politico,Relações Internacionais,
assentamentos-rurais,Agropecuária,
assistencia-ao-estudante,Educação,
assistencia-e-desenvolvimento-social,Proteção Social,
assistencia-juridica-gratuita,Proteção Social,Combate a desigualdade
assistencia-tecnica,Agropecuária,Produção agropecuária
associacao-agricola,Agropecuária,
atendimento-ao-cidadao,Administração,Serviços Públicos
aterro-sanitario,Meio ambiente,Preservação e Conservação Ambiental
aterros-sanitarios,Meio ambiente,
atividade-sucroalcooleira,Meio ambiente,Biodiversidade
atividades-cientificas-e-de-pesquisa-de-patrimonio-genetico,Meio ambiente,Biodiversidade
atividades-de-turismo,Meio ambiente,
atlantico-leste,Meio ambiente,Água
atlantico-nordeste-ocidental,Meio ambiente,Água
atlantico-nordeste-oriental,Meio ambiente,Água
atlantico-sudeste,Meio ambiente,Água
atlantico-sul,Meio ambiente,Água
atmosfera,Meio ambiente,
audiencias-publicas,Meio ambiente,
audiovisual,Cultura,
auditoria-em-saude,Saúde,
autorizacao-de-cursos,Educação,Educação superior
autorizacao-de-transporte-aquaviario,Transportes,Transporte Hidroviário
autorizacoes-para-uso-de-patrimonio-genetico,Meio ambiente,Biodiversidade
auxilio-a-pesquisa,Educação,Educação superior
auxilio-doenca,Previdência Social,
auxilio-reclusao,Previdência Social,
auxilio-sociais,Proteção Social,
avaliacao-ambiental,Meio ambiente,
avaliacao-ambiental-estrategica,Meio ambiente,
avaliacao-ambiental-integrada-de-bacia-hidrografica,Meio ambiente,
avaliacao-da-qualidade-ambiental,Meio ambiente,
avaliacao-de-estoque-pesqueiro,Meio ambiente,Biodiversidade
avaliacao-de-impactos-ambientais,Meio ambiente,
aviacao-agricola,Agropecuária,Produção agropecuária
avicultura,Agropecuária,
bacharelado,Educação,Educação superior
bacias-hidrograficas,Meio ambiente,Água
banco-de-dados,Pesquisa e Desenvolvimento,
banco-de-germoplasma,Meio ambiente,Biodiversidade
banco-de-leite-humano,Saúde,
banco-de-sangue,Saúde,
bancos,Economia e Finanças,
barreiras-externas,Comércio e Serviços,
beneficio-assistencial-ao-idoso-e-ao-deficiente,Previdência Social,
beneficio-previdenciarios,Previdência Social,
bibliotecas,Comunicações,
biocombustivel,Energia,Combustíveis
biocombustivel,Meio ambiente,
biocombustivel,Meio ambiente,Biodiversidade
biocomercio,Meio ambiente,
biodiversidade,Meio ambiente,Biodiversidade
bioenergia,Energia,Combustíveis
bioetica,Saúde,
biogas,Meio ambiente,
biologia-pesqueira,Agropecuária,
biologia-vegetal,Agropecuária,
biomas-brasileiros,Meio ambiente,Biodiversidade
biomassa,Meio ambiente,
biopirataria,Meio ambiente,
biopirataria,Meio ambiente,Biodiversidade
bioprospeccao,Meio ambiente,Biodiversidade
biosseguranca,Meio ambiente,Biodiversidade
biotecnologia,Meio ambiente,Biodiversidade
biotecnologia,Pesquisa e Desenvolvimento,
bolsa-de-estudos-pos-graduacao,Educação,Educação superior
bombeiro-193,Saúde,
bovinocultura,Agropecuária,
brasil-sorridente,Saúde,
bubalinocultura,Agropecuária,
caatinga,Meio ambiente,Biodiversidade
cadastro-de-colecoes-de-especies,Meio ambiente,Biodiversidade
cadastro-nacional-de-estabelecimento-de-saude,Saúde,
cadeias-produtivas-da-sociobiodiversidade,Meio ambiente,
cadeias-produtivas-da-sociobiodiversidade,Meio ambiente,Biodiversidade
cadeias-produtivas-de-base-florestal,Meio ambiente,
cadeias-produtivas-sustentaveis,Meio ambiente,Biodiversidade
calculo-da-compensacao-ambiental,Meio ambiente,
calendario-de-vacinacao-da-crianca,Saúde,Combate a epidemias
calendario-de-vacinacao-do-adulto,Saúde,Combate a epidemias
calendario-de-vacinacao-do-idoso,Saúde,Combate a epidemias
camada-de-ozonio,Meio ambiente,
camara-de-compensacao-ambiental,Meio ambiente,
cambio,Comércio e Serviços,Turismo
campanha-conduta-consciente,Meio ambiente,Biodiversidade
campanha-ferias-sustentaveis,Meio ambiente,Biodiversidade
campanhas-de-saude,Saúde,
capacitacao,Administração,Recursos humanos
capacitacao-para-a-implementacao-de-atividades-florestais,Meio ambiente,
capacitacao-social-nas-regioes-hidrograficas,Meio ambiente,
capina,Agropecuária,
caprinocultura,Agropecuária,
caracterizacao-tecnico-economica-de-cadeias-produtivas-sustentaveis,Meio ambiente,Biodiversidade
carcinicultura,Agropecuária,
carcinocultura,Meio ambiente,Biodiversidade
carpotecas,Meio ambiente,Biodiversidade
cartao-nacional-de-saude,Saúde,
cartao-transporte,Urbanismo,Serviços Urbanos
carteira-de-identificacao-do-estrangeiro,Relações Internacionais,
carvao-mineral,Meio ambiente,
casa-propria,Habitação,
cavernas,Meio ambiente,Biodiversidade
cavidades,Meio ambiente,Biodiversidade
cavidades-naturais-subterraneas,Meio ambiente,Biodiversidade
cemiterios,Meio ambiente,
centrais-de-atendimento,Comunicações,
centro-de-documentacao,Comunicações,
cera-vegetal,Agropecuária,Produção agropecuária
cerrado,Meio ambiente,Biodiversidade
certificacao-de-produto-de-telecomunicacoes,Comunicações,
certificacao-de-sementes,Agropecuária,
certificado-de-produto-brasileiro-cpb,Cultura,
certificado-de-proficiencia-em-lingua-portuguesa-para-estrangeiro,Educação,Educação superior
certificado-internacional-de-vacinacao-e-profilaxia-civp,Comércio e Serviços,Turismo
certificado-internacional-de-vacinacao-e-profilaxia-civp,Saúde,
cidadania-ambiental,Meio ambiente,
ciencia-e-tecnologia,Pesquisa e Desenvolvimento,
ciencia-e-tecnologia-em-saude,Saúde,
ciencia-espacial,Pesquisa e Desenvolvimento,
ciencia-informacao-e-comunicacao,"Comunicações, Pesquisa e Desenvolvimento",
circo,Cultura,
classificacao-brasileira-de-ocupacoes,Trabalho,
classificacao-da-informacao,Comunicações,
classificacao-indicativa-de-videos-jogos-cinemas-e-outros,Proteção Social,Combate a desigualdade
clima,Comércio e Serviços,Turismo
clinica-animal,Agropecuária,
cobranca-pelo-uso-da-agua,Meio ambiente,Água
codigo-de-conduta,Administração,
codigos-voluntarios,Meio ambiente,
colecoes,Meio ambiente,Biodiversidade
colecoes-cientificas-de-patrimonio-genetico,Meio ambiente,Biodiversidade
colecoes-de-plantas-vivas,Meio ambiente,Biodiversidade
colecoes-nacionais-de-referencia,Meio ambiente,Biodiversidade
colegiados,Meio ambiente,
coleta-de-patrimonio-genetico,Meio ambiente,Biodiversidade
coleta-domiciliar-rotas-datas-e-horarios,Meio ambiente,Preservação e Conservação Ambiental
coleta-e-transporte-de-recursos-geneticos-naturais,Meio ambiente,Biodiversidade
coleta-seletiva,Meio ambiente,Preservação e Conservação Ambiental
coletivos-educadores,Meio ambiente,
colheita,Agropecuária,
colonizacao,Agropecuária,
combate-a-desertificacao,Meio ambiente,
combate-a-pirataria,Cultura,
combate-ao-desmatamento,Meio ambiente,
combustivel,Agropecuária,Produção agropecuária
comercializacao-agricola,Agropecuária,Abastecimento
comercio,Comércio e Serviços,
comercio-e-servicos,Comércio e Serviços,
comercio-eletronico,Comércio e Serviços,
comercio-em-parques,Urbanismo,Serviços Urbanos
comercio-exterior,Comércio e Serviços,
comercio-internacional-e-meio-ambiente,Meio ambiente,
comercio-servicos-e-turismo,Comércio e Serviços,
comissao-nacional-de-seguranca-quimica-conasq,Meio ambiente,
comites-de-bacias-hidrograficas,Meio ambiente,Água
compensacao-ambiental,Meio ambiente,
compensacao-de-reserva-legal,Meio ambiente,
complementacao-de-estudos,Educação,Educação superior
composicao-de-alimentos,Agropecuária,
compra-de-lixo,Meio ambiente,Preservação e Conservação Ambiental
compras-governamentais,Administração,Compras governamentais
compras-publicas-sustentaveis,Meio ambiente,
comunicacao,Comunicações,
comunicacao-movel,Comunicações,
comunicacao-multimidia,Comunicações,
comunidade-e-sociedade,Proteção Social,
comunidade-pesqueira,Agropecuária,
comunidades-locais-de-florestas-publicas,Meio ambiente,
concessao-aos-taxistas,Urbanismo,Serviços Urbanos
concessao-de-transporte-ferroviario,Transportes,Transporte Ferroviário
concessao-de-transporte-rodoviario,Transportes,Transporte Rodoviário
concessao-de-uso-florestas-publicas,Meio ambiente,
concessao-florestal,Meio ambiente,
concessoes,Urbanismo,Serviços Urbanos
concessoes-de-equipamentos-urbanos,Urbanismo,Serviços Urbanos
conclusao-de-obra,Urbanismo,
concursos,Administração,Recursos humanos
condicionantes-dos-licenciamentos,Meio ambiente,
condutas-ambientalmente-adequadas,Meio ambiente,
conferencia-nacional-de-meio-ambiente,Meio ambiente,
conhecimento-tradicional-associado-ao-patrimonio-genetico-cta,Meio ambiente,Biodiversidade
conselho-nacional-de-educacao,Educação,
conselho-nacional-de-recursos-hidricos,Meio ambiente,Água
conselhos-de-saude,Saúde,
conselhos-e-camaras-tematicas-de-turismo,Comércio e Serviços,Turismo
conselhos-estaduais-de-recursos-hidricos,Meio ambiente,Água
conservacao-da-energia,Energia,
conservacao-de-energia,Meio ambiente,
conservacao-de-especies-amecadas-de-extincao,Meio ambiente,Biodiversidade
conservacao-de-patrimonio-genetico,Meio ambiente,Biodiversidade
conservacao-e-preservacao-de-biomas,Meio ambiente,Biodiversidade
consolidacao-territorial,Meio ambiente,Preservação e Conservação Ambiental
consorcios-publicos,Meio ambiente,
construcao,Urbanismo,
construcao-civil,Indústria,Propriedade Industrial
construcao-rural,Agropecuária,Produção agropecuária
consulados-e-embaixadas,Comércio e Serviços,Turismo
consulta-comercial,Urbanismo,Serviços Urbanos
consulta-protocolo,Urbanismo,Serviços Urbanos
consulta-publica,Administração,Fiscalização do Estado
consumo-sustentavel,Meio ambiente,
consumo-sustentavel,Meio ambiente,Biodiversidade
contaminacao-de-alimentos,Agropecuária,
contracheque,Administração,Recursos humanos
contrato-de-trabalho,Trabalho,
contribuicao,Economia e Finanças,
contribuicao-previdenciaria,Trabalho,
controle-das-especies-exoticas-invasoras,Meio ambiente,Biodiversidade
controle-social-e-prestacao-de-contas,Administração,Fiscalização do Estado
convencao-das-nacoes-unidas-de-combate-a-desertificacao,Meio ambiente,
convencao-de-viena-e-protocolo-de-montreal,Meio ambiente,
convencao-internacional,Relações Internacionais,
convencao-sobre-diversidade-biologica-cdb,Meio ambiente,Biodiversidade
convencao-sobre-mudanca-do-clima,Meio ambiente,
conversao-de-multas-de-sancoes-administrativas,Meio ambiente,
conversao-tecnologica,Meio ambiente,
cooperacao-academica,Educação,Educação superior
cooperacao-cientifica-internacional,Educação,Educação superior
cooperacao-juridica-internacional,Relações Internacionais,
cooperativa-agricola,Agropecuária,
corpo-de-bombeiros,Segurança e Ordem Pública,
corredor-central-da-amazonia-cca,Meio ambiente,Preservação e Conservação Ambiental
corredor-central-da-mata-atlantica-ccma,Meio ambiente,Preservação e Conservação Ambiental
corredores-ecologicos,Meio ambiente,Preservação e Conservação Ambiental
creche,Educação,Educação básica
credenciamento-de-cursos,Educação,Educação superior
credito-agricola,Agropecuária,
credito-e-financiamento-de-exportacao,Comércio e Serviços,
criacao-de-florestas-nacionais-estaduais-e-municipais,Meio ambiente,
criacao-de-unidades-de-conservacao,Meio ambiente,Preservação e Conservação Ambiental
crimes-ambientais,Meio ambiente,
cultivo,Agropecuária,
cultivo-de-patrimonio-genetico,Meio ambiente,Biodiversidade
cultura,Cultura,
cultura-lazer-e-esporte,"Cultura, Esporte e Lazer",
culturas-etnicas,Cultura,
curso-normal-superior,Educação,Educação superior
curso-sequencial,Educação,Educação superior
curta-metragem,Cultura,
custos-de-medicamentos,Saúde,Medicamentos e aparelhos
danca,Cultura,
declaracao-de-localizacao-de-imoveis,Urbanismo,
defesa-animal,Agropecuária,
defesa-civil,Segurança e Ordem Pública,
defesa-do-consumidor,Proteção Social,Combate a desigualdade
defesa-e-seguranca,"Segurança e Ordem Pública, Defesa Nacional",
defesa-economica-e-da-concorrencia,Economia e Finanças,
defesa-nacional,Defesa Nacional,
defesa-vegetal,Agropecuária,
degradacao-da-terra-nas-areas-semi-aridas-e-subumidas-secas,Meio ambiente,
degradacao-de-habitats,Meio ambiente,Biodiversidade
demanda-de-agua,Meio ambiente,Água
demanda-de-emprego,Trabalho,
demolicao,Urbanismo,
dengue,Saúde,
denuncia,Proteção Social,Combate a desigualdade
desemprego,Trabalho,
desenho,Cultura,
desenvolvimento-agricola,Agropecuária,
desenvolvimento-de-bioprodutos,Meio ambiente,Biodiversidade
desenvolvimento-economico,Economia e Finanças,
desenvolvimento-producao-e-uso-sustentavel,Meio ambiente,Biodiversidade
desenvolvimento-tecnologico,Pesquisa e Desenvolvimento,
desenvolvimento-tecnologico-de-produtos,Meio ambiente,Biodiversidade
desertificacao,Meio ambiente,Biodiversidade
desmatamento,Meio ambiente,Biodiversidade
desmatamento-ilegal,Meio ambiente,
desmatamento-na-amazonia,Meio ambiente,
desnutricao,Saúde,
destinacao-de-florestas-publicas-as-comunidades-locais,Meio ambiente,
deteccao-da-exploracao-florestal-detex,Meio ambiente,
deteccao-do-desmatamento-em-tempo-real-deter,Meio ambiente,
diploma-educacao-superior,Educação,Educação superior
direito-autoral,Cultura,
direito-dos-usuarios-dos-servicos-de-saude,Saúde,
direitos-das-comunidades-tradicionais-associado-ao-patrimonio-genetico,Meio ambiente,Biodiversidade
direitos-de-acesso-as-florestas-publicas-e-aos-beneficios-decorrentes,Meio ambiente,
dispersao,Meio ambiente,Biodiversidade
disponibilidade-de-agua,Meio ambiente,Água
disturbio-vegetal,Agropecuária,
disturbios-de-animais,Agropecuária,
divida-externa,Economia e Finanças,
divida-interna,Economia e Finanças,
documentario,Cultura,
documentos-de-publicidade-ao-ar-livre,Urbanismo,
documentos-e-vistos,Comércio e Serviços,Turismo
doenca-animal,Agropecuária,
doenca-de-planta,Agropecuária,
doencas-de-veiculacao-hidrica,Meio ambiente,Água
doutorado,Educação,Educação superior
drenagem-pluvial,Meio ambiente,
drenagem-pluvial,Saneamento,Saneamento Básico Urbano
dst,Saúde,
ecomercados-e-negocios-sustentaveis,Meio ambiente,
economia,Economia e Finanças,
economia-agricola,Agropecuária,
economia-e-financas,Economia e Finanças,
economia-e-meio-ambiente,Meio ambiente,
economia-pesqueira,Agropecuária,
ecossistemas-aquaticos,Meio ambiente,Biodiversidade
ecossistemas-aquaticos-degradados,Meio ambiente,Biodiversidade
ecossistemas-aquaticos-e-terrestres,Meio ambiente,Biodiversidade
ecossistemas-costeiros,Meio ambiente,Biodiversidade
ecossistemas-terrestres,Meio ambiente,Biodiversidade
ecoturismo,Comércio e Serviços,Turismo
ecoturismo,Meio ambiente,
ecoturismo,Meio ambiente,Biodiversidade
ecoturismo,Meio ambiente,Preservação e Conservação Ambiental
educacao,Educação,
educacao-a-distancia,Educação,
educacao-ambiental,Educação,
educacao-ambiental,Meio ambiente,
educacao-basica,Educação,Educação básica
educacao-continuada,Educação,
educacao-de-jovens-e-adultos,Educação,
educacao-do-campo,Educação,
educacao-em-reciclagem,Meio ambiente,
educacao-indigena,Educação,
educacao-infantil,Educação,Educação básica
educacao-no-transito,Transportes,
educacao-para-a-saude,Saúde,
educacao-para-quilombolas,Educação,
educacao-profissional-e-tecnologica,Educação,Educação profissionalizante
educacao-profissional-tecnica-de-nivel-medio,Educação,Educação profissionalizante
educacao-profissional-tecnologica-de-graduacao-e-pos-graduacao,Educação,Educação profissionalizante
educacao-superior,Educação,Educação superior
efeito-estufa,Meio ambiente,
eficiencia-energetica,Meio ambiente,
eletrificacao-rural,Agropecuária,Produção agropecuária
embalagem-de-alimentos,Agropecuária,
emergencias-ambientais,Meio ambiente,
emergencias-ambientais-urbanas,Meio ambiente,
emergencias-e-urgencias,Saúde,
empreendimentos-hidreletricos,Meio ambiente,
empreendimentos-potencialmente-causadores-de-impacto-ambiental,Meio ambiente,
emprego,Trabalho,
empresas,Comércio e Serviços,
encargos-financeiros,Economia e Finanças,
encargos-financeiros-especiais,Economia e Finanças,
energia-e-meio-ambiente,Meio ambiente,
energia-eletrica,Energia,Energia elétrica
energia-nao-renovaveis,Meio ambiente,
energia-nuclear,Meio ambiente,
energias-renovaveis,Meio ambiente,
energio-nuclear,Energia,Combustíveis
engenharia,Pesquisa e Desenvolvimento,
engenharia-agricola,Agropecuária,Produção agropecuária
enquadramento-dos-corpos-de-agua-em-classes-de-uso,Meio ambiente,Água
ensino-fundamental,Educação,Educação básica
ensino-fundamental-de-8-anos,Educação,Educação básica
ensino-fundamental-de-9-anos,Educação,Educação básica
ensino-medio,Educação,Educação básica
entidade-representativa-de-classe,Trabalho,
entidades-ambientalistas,Meio ambiente,
entidades-de-assistencia,Proteção Social,
entidades-representativas-do-comercio-e-servicos,Comércio e Serviços,
entorno-das-unidades-de-conservacao,Meio ambiente,Preservação e Conservação Ambiental
eolica,Meio ambiente,
equideocultura,Agropecuária,
equipamento-agricola,Agropecuária,Produção agropecuária
equipamentos-de-pesca,Agropecuária,
equipamentos-medico-hospitalares,Saúde,
erosao-do-solo,Meio ambiente,
erva-daninha,Agropecuária,
escultura,Cultura,
esgoto-sanitario,Meio ambiente,
espacos-litoraneos,Meio ambiente,Biodiversidade
especialista-em-educacao,Educação,
especializacao,Educação,Educação superior
especies-ameacadas,Meio ambiente,Biodiversidade
especies-ameacadas-de-extincao,Meio ambiente,Biodiversidade
especies-de-intercambio-facilitado,Meio ambiente,Biodiversidade
especies-de-valor-economico-atual-ou-potencial,Meio ambiente,Biodiversidade
especies-dependentes-de-conservacao,Meio ambiente,Biodiversidade
especies-endemicas,Meio ambiente,Biodiversidade
especies-exoticas-invasoras,Meio ambiente,Biodiversidade
especies-vulneraveis,Meio ambiente,Biodiversidade
especificacao-do-projeto-de-publicidade,Urbanismo,
esporte,Esporte e Lazer,
esporte-comunitario,Esporte e Lazer,
esporte-de-rendimento,Esporte e Lazer,
estacoes-ecologicas,Meio ambiente,Preservação e Conservação Ambiental
estagio,Administração,Recursos humanos
estatisticas-de-transito,Transportes,
estatisticas-educacionais,Educação,
estatisticas-em-saude,Saúde,
estimulo-a-investimentos-de-longo-prazo-em-florestas-publicas,Meio ambiente,
estocagem,Agropecuária,Abastecimento
estoque-regulador,Agropecuária,Abastecimento
estradas,Comércio e Serviços,Turismo
estrangeiro,Relações Internacionais,
estrutiocultura,Agropecuária,
estrutura-agraria,Agropecuária,
estrutura-animal,Agropecuária,
estrutura-vegetal,Agropecuária,
estruturas-educadoras-integradas,Meio ambiente,
estudo-de-impacto-ambiental-eia,Meio ambiente,
estudos-hidrometeorologicos,Meio ambiente,Água
etica-de-profissionais-de-saude,Saúde,
etica-politica,Administração,
etica-publica,Administração,
eventos-criticos-secas-e-enchentes,Meio ambiente,Água
eventos-e-negocios,Comércio e Serviços,Turismo
execucao-das-acoes-de-carater-permanente,Meio ambiente,
execucao-orcamentaria-e-financeira,Administração,Planejamento
exercito,Defesa Nacional,
exploracao-de-florestas-e-formacoes-sucessoras,Meio ambiente,
exploracao-de-satelite,Comunicações,
exploracao-de-servicos-florestais,Meio ambiente,
exploracao-economica-de-recursos-naturais,Meio ambiente,
exploracao-espacial,Pesquisa e Desenvolvimento,
exploracao-ilegal-de-madeira,Meio ambiente,
exportacao,Comércio e Serviços,
exportacao-de-servicos,Comércio e Serviços,
exposicao,Comércio e Serviços,
extensao-rural,Agropecuária,
extradicao,Relações Internacionais,
extrativismo,Agropecuária,Produção agropecuária
extrativismo,Meio ambiente,
extrativismo,Meio ambiente,Biodiversidade
extrativismo-animal,Agropecuária,Produção agropecuária
extrativismo-vegetal,Agropecuária,Produção agropecuária
facultativa,Educação,Educação superior
farmacia,Saúde,Medicamentos e aparelhos
farmacia-basica,Saúde,Medicamentos e aparelhos
farmacia-hospitalar,Saúde,Medicamentos e aparelhos
farmacia-popular,Saúde,Medicamentos e aparelhos
fauna-amecada-de-extincao,Meio ambiente,Biodiversidade
feira,Comércio e Serviços,
feiras-de-negocios,Meio ambiente,
feiras-iivres,Urbanismo,Serviços Urbanos
feriados,Comércio e Serviços,Turismo
fertilizantes-e-agrotoxicos,Agropecuária,
fibra-vegetal,Agropecuária,Produção agropecuária
financas,Economia e Finanças,
financas-pessoais,Economia e Finanças,
financas-publicas,Economia e Finanças,
financiamento-da-educacao,Educação,
financiamento-estudantil,Educação,
financiamento-habitacional,Habitação,
financiamento-publico-e-privado,Economia e Finanças,
fiscalizacao-animal,Agropecuária,
fiscalizacao-audiovisual,Cultura,
fiscalizacao-de-transporte-aquaviario,Transportes,Transporte Hidroviário
fiscalizacao-de-transporte-ferroviario,Transportes,Transporte Ferroviário
fiscalizacao-de-transporte-rodoviario,Transportes,Transporte Rodoviário
fiscalizacao-do-estado,Administração,Fiscalização do Estado
fiscalizacao-do-trabalho,Trabalho,
fiscalizacao-vegetal,Agropecuária,
fisiologia-animal,Agropecuária,
fisiologia-vegetal,Agropecuária,
fitoterapia,Saúde,
flora-amecada-de-extincao,Meio ambiente,Biodiversidade
floresta-amazonica,Meio ambiente,Biodiversidade
florestas,Meio ambiente,
florestas-nacionais,Meio ambiente,Preservação e Conservação Ambiental
florestas-nativas,Meio ambiente,
florestas-naturais,Meio ambiente,
florestas-plantadas,Meio ambiente,
florestas-plantadas,Meio ambiente,Biodiversidade
florestas-publicas,Meio ambiente,
floricultura,Agropecuária,
folclore-e-cultura-popular,Cultura,
fomento,Meio ambiente,
fomento-a-geracao-do-conhecimento,Meio ambiente,
fomento-a-pos-graduacao,Educação,Educação superior
fomento-a-producao-sustentavel,Meio ambiente,
fomento-ao-desenvolvimento-sustentavel,Meio ambiente,
fomento-audiovisual,Cultura,
formacao-cientifica,Educação,Educação superior
formacao-de-recursos-humanos-em-seguranca-publica,Segurança e Ordem Pública,
formacao-inicial-e-continuada-de-trabalhadores,Educação,Educação profissionalizante
forragem,Agropecuária,
forum-intergovernamental,Meio ambiente,
fotografia,Cultura,
fragmentacao,Meio ambiente,
fragmentacao-de-florestas,Meio ambiente,Biodiversidade
from,to1,to2
fruticultura,Agropecuária,
fundacao-de-apoio-pos-graduacao,Educação,Educação superior
gas,Energia,Combustíveis
gas-natural,Meio ambiente,
gasodutos,Transportes,
geotermica,Meio ambiente,
geracao-de-energia-hidreletrica,Meio ambiente,Água
geracao-de-renda-nas-unidades-de-conservacao,Meio ambiente,
geracao-de-renda-nas-unidades-de-conservacao,Meio ambiente,Preservação e Conservação Ambiental
gerenciamento-costeiro-e-marinho,Meio ambiente,
gerenciamento-de-areas-contaminadas,Meio ambiente,
gerenciamento-de-substancias-e-residuos,Meio ambiente,
gerenciamento-do-passivo-das-substancias-destruidoras-da-camada-de-ozonio,Meio ambiente,
gestao-ambiental-compartilhada,Meio ambiente,
gestao-da-agua,Saneamento,Saneamento Básico Urbano
gestao-da-educacao-em-saude,Saúde,
gestao-da-producao-agraria,Agropecuária,
gestao-das-unidades-de-conservacao,Meio ambiente,Preservação e Conservação Ambiental
gestao-de-areas-protegidas,Meio ambiente,Preservação e Conservação Ambiental
gestao-de-conflitos-da-atividade-mineraria,Meio ambiente,
gestao-de-florestas-publicas,Meio ambiente,
gestao-de-meio-ambiente,Meio ambiente,
gestao-de-residuos-solidos,Meio ambiente,Preservação e Conservação Ambiental
gestao-do-trabalho-em-saude,Saúde,
gestao-dos-recursos-hidricos,Meio ambiente,Água
gestao-dos-recursos-pesqueiros,Meio ambiente,Biodiversidade
gestao-escolar,Educação,
gestao-florestal-compartilhada,Meio ambiente,
gestao-integrada-de-residuos-solidos-urbanos,Meio ambiente,
gestao-internacional-das-substancias-quimicas-saicm,Meio ambiente,
goma,Agropecuária,Produção agropecuária
governo-e-politica,Administração,
governo-eletronico,Administração,Serviços Públicos
governo-estadual,Administração,
governo-federal,Administração,
governo-movel,Administração,Serviços Públicos
governo-municipal,Administração,
graduacao,Educação,Educação superior
gravura,Cultura,
gripe,Saúde,
grupos-e-organismos-politicos-internacionais,Relações Internacionais,
habitacao,Habitação,
habitacao-saneamento-e-urbanismo,"Habitação, Saneamento",
habitats-naturais,Meio ambiente,Biodiversidade
hardware,Pesquisa e Desenvolvimento,
herbarios,Meio ambiente,Biodiversidade
hidrica,Meio ambiente,
hidrovias-interiores,Transportes,Transporte Hidroviário
higiene-veterinaria,Agropecuária,
homeopatia,Saúde,
horario-onibus,Urbanismo,Serviços Urbanos
horticultura,Agropecuária,
hospedagem,Comércio e Serviços,Turismo
hospitais-universitarios,Educação,Educação superior
hospital,Saúde,Assistência Hospitalar e Ambulatorial
humanizacao-na-saude,Saúde,
identificacao-criminal,Segurança e Ordem Pública,
identificacao-taxonomica-de-patrimonio-genetico,Meio ambiente,Biodiversidade
igualdade-de-direitos-do-estrangeiro,Relações Internacionais,
ilhas-parceis-e-atois,Meio ambiente,Biodiversidade
ilicitos-associados,Meio ambiente,
iluminacao-publica,Urbanismo,Serviços Urbanos
imigrantes,Cultura,
imoveis,Urbanismo,
implementacao-da-agenda-21,Meio ambiente,
importacao,Comércio e Serviços,
importacao-de-servicos,Comércio e Serviços,
imposto,Economia e Finanças,
imprensa,Comunicações,
incentivos-a-producao-sustentavel,Meio ambiente,Biodiversidade
incentivos-e-promocoes-do-turismo,Comércio e Serviços,Turismo
incentivos-fiscais-tributarios-e-crediticios,Meio ambiente,
indicadores,Administração,Fiscalização do Estado
indicadores-ambientais,Meio ambiente,
indicadores-e-estatisticas-em-comercio-e-servicos,Comércio e Serviços,
indicadores-educacionais,Educação,
indigena,Cultura,
industria,Indústria,
industria-alimentar,Indústria,Propriedade Industrial
industria-automobilistica,Indústria,Propriedade Industrial
industria-ceramica,Indústria,Propriedade Industrial
industria-couro-calcadista,Indústria,Propriedade Industrial
industria-cultural,Indústria,Propriedade Industrial
industria-de-arma-e-municao,Indústria,Propriedade Industrial
industria-de-celulose-e-papel,Indústria,Propriedade Industrial
industria-de-equipamentos-medico-hospitalares,Indústria,Propriedade Industrial
industria-eletro-eletronica,Indústria,Propriedade Industrial
industria-extrativa,Indústria,Propriedade Industrial
industria-farmaceutica,Indústria,Propriedade Industrial
industria-madeireira-e-movelaria,Indústria,Propriedade Industrial
industria-mecanica-e-metalurgica,Indústria,Propriedade Industrial
industria-naval,Indústria,Propriedade Industrial
industria-pesqueira,Agropecuária,
industria-quimica-e-petroquimica,Indústria,Propriedade Industrial
industria-sucroalcooleira,Indústria,Propriedade Industrial
industria-texteis,Indústria,Propriedade Industrial
infeccao-hospitalar,Saúde,Assistência Hospitalar e Ambulatorial
informacao-gestao-preservacao-e-acesso,Comunicações,
informacoes-estatisticas,Comunicações,
informacoes-geograficas,Meio ambiente,
informacoes-sobre-o-pais,Comércio e Serviços,Turismo
informacoes-sociais,Trabalho,
infracoes-ambientais,Meio ambiente,
infraestrutura-de-transporte-aquaviario,Transportes,Transporte Hidroviário
infraestrutura-de-transporte-ferroviario,Transportes,Transporte Ferroviário
infraestrutura-de-transporte-rodoviario,Transportes,Transporte Rodoviário
infraestrutura-de-turismo,Comércio e Serviços,Turismo
infraestrutura-material-e-ambiental,Educação,
infraestrutura-para-conservacao-e-preservacao-de-biomas,Meio ambiente,Biodiversidade
ingresso-no-ensino-superior,Educação,Educação superior
inovacao-tecnologica,Pesquisa e Desenvolvimento,
inseminacao-artificial,Agropecuária,
instituicoes-federais-de-ensino-superior,Educação,Educação superior
instituicoes-fieis-depositarias,Meio ambiente,Biodiversidade
instrumentos-de-planejamento-e-gestao-ambiental,Meio ambiente,
instrumentos-economicos,Meio ambiente,
instrumentos-para-gestao-de-recursos-hidricos,Meio ambiente,Água
insumos-agricolas,Agropecuária,
integracao-do-meio-ambiente-e-producao,Meio ambiente,Biodiversidade
inteligencia-artificial,Pesquisa e Desenvolvimento,
internet,Pesquisa e Desenvolvimento,
invasoes-biologicas,Meio ambiente,Biodiversidade
inventario-floresta-nacional,Meio ambiente,
investidores-interessados-na-area-ambiental,Meio ambiente,
investimento,Economia e Finanças,
irrigacao-e-drenagem,Agropecuária,Produção agropecuária
isencao-tarifaria,Urbanismo,Serviços Urbanos
itinerarios-transportes-coletivos,Urbanismo,Serviços Urbanos
jardins-botanicos,Meio ambiente,Biodiversidade
jogos-e-loterias,Esporte e Lazer,Lazer
latex,Agropecuária,Produção agropecuária
latu-sensu,Educação,Educação superior
lazer,Esporte e Lazer,Lazer
legislacao-cultura,Cultura,
legislacao-de-publicidade-ao-ar-livre,Urbanismo,
legislacao-de-saude,Saúde,
legislacao-e-normas,Administração,
legislacao-educacional,Educação,
legislacao-trabalhista,Trabalho,
leis-de-diretrizes-e-bases-da-educacao-nacional,Educação,
licenca-de-instalacao,Meio ambiente,
licenca-de-operacao,Meio ambiente,
licenca-previa,Meio ambiente,
licencas-ambientais,Meio ambiente,
licenciamento-ambiental,Meio ambiente,
licenciamentos-especiais,Meio ambiente,
licenciatura,Educação,Educação superior
licenciatura-plena,Educação,Educação superior
licitacao,Administração,Compras governamentais
licitacoes-publicas-sustentaveis,Meio ambiente,
limpeza-urbana,Meio ambiente,Preservação e Conservação Ambiental
literatura,Cultura,
livro-didatico,Educação,
lixo-toxico,Meio ambiente,Preservação e Conservação Ambiental
logistica-e-transporte-de-exportacao,Comércio e Serviços,
longa-metragem,Cultura,
luz,Urbanismo,Serviços Urbanos
macicos-florestais-urbanos,Meio ambiente,
madeira,Agropecuária,Produção agropecuária
magisterio,Educação,
mananciais,Meio ambiente,Preservação e Conservação Ambiental
manejo-alternativo-de-animais-crioulos-e-silvestres,Meio ambiente,Biodiversidade
manejo-da-agrobiodiversidade,Meio ambiente,Biodiversidade
manejo-da-biodiversidade,Meio ambiente,Biodiversidade
manejo-de-especies-amecadas-de-extincao,Meio ambiente,Biodiversidade
manejo-de-florestas-comunitarias,Meio ambiente,
manejo-e-conservacao,Agropecuária,
manejo-florestal-sustentavel,Meio ambiente,
manejo-nas-unidades-de-conservacao,Meio ambiente,Preservação e Conservação Ambiental
manejo-sustentavel-de-animais-silvestres,Meio ambiente,Biodiversidade
manejo-sustentavel-de-especies-da-flora,Meio ambiente,Biodiversidade
mangue,Meio ambiente,Biodiversidade
mapas,Transportes,
mapas-georreferenciados,Meio ambiente,
maremotriz,Meio ambiente,
marinha,Defesa Nacional,
marinha-mercante,Transportes,Transporte Hidroviário
master-business-administration,Educação,Educação superior
mata-atlantica,Meio ambiente,Biodiversidade
materiais-perigosos,Meio ambiente,
material-didatico,Educação,
matriz-energetica-ambientalmente-adequada,Meio ambiente,
mecanismo-de-desenvolvimento-limpo-mdl,Meio ambiente,
mecanizacao-agricola,Agropecuária,Produção agropecuária
media-metragem,Cultura,
medicamentos,Saúde,Medicamentos e aparelhos
medicamentos-essenciais,Saúde,Medicamentos e aparelhos
medicamentos-fitoterapicos,Saúde,Medicamentos e aparelhos
medicamentos-fracionados,Saúde,Medicamentos e aparelhos
medicamentos-genericos,Saúde,Medicamentos e aparelhos
medicamentos-proibidos,Saúde,Medicamentos e aparelhos
medicamentos-similares,Saúde,Medicamentos e aparelhos
medicina-legal,Segurança e Ordem Pública,
medicina-natural,Saúde,
medidas-preventivas-mitigadoras-e-compensatorias,Meio ambiente,Biodiversidade
meio-ambiente,Meio ambiente,
meios-de-acesso,Pesquisa e Desenvolvimento,
meios-de-ensino-aprendizagem,Educação,
melhoramento-genetico-animal,Agropecuária,
melhoramento-genetico-vegetal,Agropecuária,
mercado-de-capitais,Economia e Finanças,
mercado-de-carbono,Meio ambiente,
mercado-de-trabalho,Trabalho,
mercado-municipal,Urbanismo,Serviços Urbanos
mercosul-e-integracao-regional,Relações Internacionais,
merenda-escolar,Educação,
mestrado,Educação,Educação superior
mestrado-academico,Educação,Educação superior
mestrado-profissional,Educação,Educação superior
metodos-de-aprendizagem,Educação,
metodos-de-ensino,Educação,
metodos-e-meios-de-ensino-e-aprendizagem,Educação,
metro,Urbanismo,Serviços Urbanos
minerodutos,Transportes,
minimizacao-de-rejeitos,Meio ambiente,
minimizacao-dos-efeitos-de-secas-e-inundacoes,Meio ambiente,
minimizacao-dos-impactos-gerados-por-residuos-perigosos,Meio ambiente,
minisserie,Cultura,
ministerio-publico,Administração,
minorias,Proteção Social,
mitigacao-da-mudanca-do-clima,Meio ambiente,
mitigacao-dos-efeitos-das-secas,Meio ambiente,
modernizacao-e-aparelhamento-dos-orgaos-de-seguranca-publica,Segurança e Ordem Pública,
moeda,Comércio e Serviços,Turismo
moedas-e-cambio,Economia e Finanças,
monitoramento,Meio ambiente,
monitoramento-da-cobertura-vegetal,Meio ambiente,
monitoramento-do-meio-ambiente,Meio ambiente,
monitoramento-e-protecao-das-florestas,Meio ambiente,
monopolios-e-fusoes,Economia e Finanças,
monumentos-naturais,Meio ambiente,Preservação e Conservação Ambiental
mortalidade-infantil,Saúde,
mortalidade-materna,Saúde,
moto-frete,Urbanismo,Serviços Urbanos
movel-aeronautico,Comunicações,
movel-celular,Comunicações,
movel-especial-de-radiochamada,Comunicações,
movel-especializado,Comunicações,
movel-maritimo,Comunicações,
movimento-transfronteiricos,Meio ambiente,
mudancas-climaticas,Meio ambiente,
mudancas-climaticas,Meio ambiente,Biodiversidade
multas-infracoes,Transportes,
multimeios-didaticos,Educação,
multimidia,Pesquisa e Desenvolvimento,
museu-do-meio-ambiente,Meio ambiente,
museus,Comunicações,
musica,Cultura,
nacionalizacao-privatizacao,Economia e Finanças,
nanociencia,Pesquisa e Desenvolvimento,
nanomaterial,Pesquisa e Desenvolvimento,
nanomedicina,Pesquisa e Desenvolvimento,
nanotecnologia,Meio ambiente,Biodiversidade
nanotecnologia,Pesquisa e Desenvolvimento,
nao-nativas,Meio ambiente,Biodiversidade
naturalizacao,Relações Internacionais,
negociacao-internacional,Comércio e Serviços,
normalizacao-e-qualidade,Administração,Normalização e Qualidade
novela,Cultura,
nutricao-animal,Agropecuária,
obesidade,Saúde,
obra-audiovisual,Cultura,
obra-audiovisual-publicitaria,Cultura,
obras,Administração,
ocupacao-e-uso-do-solo,Urbanismo,
oferta-de-agua,Meio ambiente,Água
oleo-vegetal,Agropecuária,Produção agropecuária
oleodutos,Transportes,
opera,Cultura,
operador-de-transporte-multimodal,Transportes,
oportunidades-de-emprego,Trabalho,
orcamento-de-saude,Saúde,
orcamento-do-estado,Administração,Planejamento
orcamento-participativo,Administração,Fiscalização do Estado
ordenamento-do-uso-dos-recurso-pesqueiros,Meio ambiente,Biodiversidade
ordenamento-territorial,Meio ambiente,
organismos-geneticamente-modificados-ogm,Meio ambiente,Biodiversidade
organizacao-agraria,Agropecuária,
organizacao-da-producao,Meio ambiente,
organizacao-do-estado,Administração,
organizacao-politica,Administração,
organizacao-territorial,Administração,
organizacoes-internacionais,Relações Internacionais,
orgaos-publicos-gestores-de-recursos-hidricos,Meio ambiente,Água
ostreicultura,Agropecuária,
outorga-dos-direitos-de-uso-de-recursos-hidricos,Meio ambiente,Água
ouvidoria,Proteção Social,Combate a desigualdade
ouvidoria,Saúde,
ovinocultura,Agropecuária,
pampa,Meio ambiente,Biodiversidade
pantanal,Meio ambiente,Biodiversidade
paraguai,Meio ambiente,Água
paraiba-do-sul,Meio ambiente,Água
paralisia-infantil,Saúde,
parametros-e-diretrizes-curriculares-nacionais,Educação,
parana,Meio ambiente,Água
parcelamento-de-multas,Transportes,
parcelamento-de-solo,Urbanismo,
pareceres,Educação,
parnaiba,Meio ambiente,Água
parques-e-jardins,Esporte e Lazer,Lazer
parques-nacionais,Meio ambiente,Preservação e Conservação Ambiental
participacao-e-controle,Meio ambiente,
participacao-e-controle-social-em-saude,Saúde,
partidos-politicos,Administração,
passe-escolar,Urbanismo,Serviços Urbanos
pastagem,Agropecuária,
patrimonio-da-uniao,Administração,Patrimônio
patrimonio-espeleologico,Meio ambiente,Biodiversidade
patrimonio-genetico-ou-recursos-geneticos,Meio ambiente,Biodiversidade
patrimonio-historico-artistico-e-arqueologico,Cultura,
pecuaria,Agropecuária,
peixe-de-agua-doce,Agropecuária,
peixe-marinho,Agropecuária,
pele,Agropecuária,Produção agropecuária
pensao-por-morte,Previdência Social,
pensoes,Previdência Social,
perda-de-habitats,Meio ambiente,Biodiversidade
pericia-tecnica,Segurança e Ordem Pública,
permanencia-do-estrangeiro,Relações Internacionais,
pesca,Agropecuária,
pesca-amadora,Meio ambiente,Biodiversidade
pesca-artesanal,Agropecuária,
pesca-continental,Agropecuária,
pesca-extensiva,Agropecuária,
pesca-fluvial,Agropecuária,
pesca-industrial,Agropecuária,
pesca-intensiva,Agropecuária,
pesca-predatoria,Meio ambiente,Biodiversidade
pesquisa-cientifica-de-patrimonio-genetico,Meio ambiente,Biodiversidade
pesquisa-cientifica-e-tecnologia,Pesquisa e Desenvolvimento,
pesquisa-comportamental-no-transporte-coletivo,Urbanismo,Serviços Urbanos
pesquisa-e-coleta-de-material-biologico,Meio ambiente,Biodiversidade
pesquisa-em-saude,Saúde,
pesquisa-florestal,Meio ambiente,
pesquisas-para-conservacao-de-especies,Meio ambiente,Biodiversidade
petroleo,Energia,Combustíveis
petroleo,Meio ambiente,
pintura,Cultura,
piscicultura,Agropecuária,
planejamento-ambiental,Meio ambiente,Biodiversidade
planejamento-ambiental-da-aquicultura,Meio ambiente,
planejamento-e-administracao-em-saude-publica,Saúde,
planejamento-e-orcamento,Administração,Planejamento
planejamento-estrategico,Administração,Planejamento
planejamento-florestal,Meio ambiente,
planejamento-urbano,Urbanismo,
plano-agricola-e-pecuario,Agropecuária,
plano-nacional-de-educacao,Educação,
plano-plurianual,Administração,Planejamento
planos-de-recursos-hidricos,Meio ambiente,Água
planos-de-saude,Saúde,
plantas-de-imoveis,Urbanismo,
plantas-medicinais,Meio ambiente,Biodiversidade
plantio,Agropecuária,
plantio-convencional,Agropecuária,
plantio-direto,Agropecuária,
plantio-e-recomposicao-florestal,Meio ambiente,
pneus,Meio ambiente,
poda,Agropecuária,
poder-executivo,Administração,
poder-judiciario,Administração,
poder-legislativo,Administração,
poderes-do-estado,Administração,
policia,Segurança e Ordem Pública,
policia-ambiental,Meio ambiente,
policia-civil,Segurança e Ordem Pública,
policia-federal,Segurança e Ordem Pública,
policia-militar,Segurança e Ordem Pública,
policia-municipal,Segurança e Ordem Pública,
policia-rodoviaria,Segurança e Ordem Pública,
policlinica,Saúde,Assistência Hospitalar e Ambulatorial
politica,Administração,
politica-agricola,Agropecuária,
politica-cultural,Cultura,
politica-de-incentivo-de-comercio-e-servicos,Comércio e Serviços,
politica-de-preco,Agropecuária,
politica-e-gestao-industrial,Indústria,
politica-economica,Economia e Finanças,
politica-externa,Relações Internacionais,
politica-trabalhista,Trabalho,
politicas-e-diretrizes-para-o-sus,Saúde,
poluentes-atmosfericos,Meio ambiente,
poluentes-organicos-persistentes,Meio ambiente,
poluicao-sonora,Meio ambiente,
por-amparo-legal,Educação,Educação superior
porte-de-arma,Segurança e Ordem Pública,
portos,Comércio e Serviços,Turismo
portos,Transportes,Transporte Hidroviário
pos-graduacao,Educação,Educação superior
posto-de-saude,Saúde,Assistência Hospitalar e Ambulatorial
potencial-construtivo,Urbanismo,
povos-indigenas,Proteção Social,
praga-de-animal,Agropecuária,
praga-de-planta,Agropecuária,
pre-escola,Educação,Educação básica
precatorios,Economia e Finanças,
preco-minimo,Agropecuária,
pregao,Administração,Compras governamentais
preparo-de-solo,Agropecuária,
preservacao-de-alimentos,Agropecuária,
preservacao-de-bosques-e-imoveis,Urbanismo,
preservacao-de-dados-e-informacoes,Comunicações,
prestacao-de-contas,Administração,Fiscalização do Estado
prevencao-de-acidentes-de-transito,Transportes,
prevencao-e-atendimento-a-situacao-de-emergencia-ambiental,Meio ambiente,
prevencao-e-combate-a-poluicao,Meio ambiente,
prevencao-e-controle-do-meio-ambiente,Meio ambiente,
previdencia-basica,Previdência Social,Previdência Básica
previdencia-complementar,Previdência Social,Previdência Complementar
previdencia-do-regime-estatutario,Previdência Social,
previdencia-do-servidor,Previdência Social,
previdencia-social,Previdência Social,
previsao-de-safra,Agropecuária,
primeiro-ciclo,Educação,Educação básica
primeiros-socorros,Saúde,
privacidade-da-informacao,Comunicações,
procedimento-administrativo-disciplinar,Administração,
procedimentos-para-publicidade-ao-ar-livre,Urbanismo,
procedimentos-tecnicos-e-administrativos,Meio ambiente,
processamento-de-produtos-florestais,Meio ambiente,
processo-licitatorio-de-concessao-de-uso-florestas-publicas,Meio ambiente,
producao-animal,Agropecuária,
producao-de-sementes-e-mudas,Agropecuária,
producao-florestal-sustentavel,Meio ambiente,
producao-industrial,Indústria,Propriedade Industrial
producao-mais-limpa-p-l,Meio ambiente,Biodiversidade
producao-pesqueira,Agropecuária,
producao-vegetal,Agropecuária,
produto-animal,Agropecuária,
produto-vegetal,Agropecuária,
produtor-de-obra-audiovisual,Cultura,
produtora-de-obra-audiovisual,Cultura,
produtos-do-extrativismo,Meio ambiente,
produtos-e-servicos-gerados-pelas-florestas,Meio ambiente,
produtos-e-subprodutos-da-flora-e-da-fauna,Meio ambiente,
produtos-e-subprodutos-da-flora-e-da-fauna,Meio ambiente,Preservação e Conservação Ambiental
produtos-florestais-madeireiros,Meio ambiente,
produtos-florestais-nao-madeireiros,Meio ambiente,
professor,Educação,
profissionais-da-educacao,Educação,
profissoes-e-ocupacoes,Trabalho,
programadora-audiovisual,Cultura,
programas-de-governo-agricultura,Agropecuária,
programas-de-transferencia-de-renda,Proteção Social,
programas-recreacionais-em-unidades-de-conservacao,Meio ambiente,Preservação e Conservação Ambiental
projeto-basico-ambiental,Meio ambiente,
projeto-curricular,Educação,
projeto-pedagogico,Educação,
projetos-agroextrativistas-de-florestas-publicas,Meio ambiente,
projetos-de-assentamento-florestal,Meio ambiente,
projetos-de-desenvolvimento-sustentavel,Meio ambiente,
promocao-comercial,Comércio e Serviços,
promocao-comercial-internacional,Comércio e Serviços,Comercio externo
promocao-do-processamento-local-em-florestas-publicas,Meio ambiente,
promocao-industrial,Indústria,
pronto-socorro,Saúde,
pronto-socorro,Saúde,Assistência Hospitalar e Ambulatorial
propriedade-industrial,Indústria,Produção Industrial
protecao-ao-trabalhador,Trabalho,
protecao-dos-ecossistemas,Meio ambiente,
protecao-e-conservacao-de-agua,Meio ambiente,Água
protecao-e-defesa-do-cidadao,Proteção Social,Combate a desigualdade
protecao-e-recuperacao-de-especies-amecadas-de-extincao,Meio ambiente,Biodiversidade
protecao-integral,Meio ambiente,Preservação e Conservação Ambiental
protecao-social-basica,Proteção Social,
protecao-social-especial-a-pessoa-em-situacao-de-risco,Proteção Social,
protocolo,Administração,Serviços Públicos
protocolo-de-quioto,Meio ambiente,
publicacoes-oficiais,Comunicações,
publicidade-ao-ar-livre,Urbanismo,
qualidade-ambiental,Meio ambiente,
qualidade-de-agrotoxicos,Saúde,Vigilância Sanitária
qualidade-de-agua,Meio ambiente,Água
qualidade-de-alimentos,Saúde,Vigilância Sanitária
qualidade-de-cosmeticos,Saúde,Vigilância Sanitária
qualidade-de-derivados-do-tabaco,Saúde,Vigilância Sanitária
qualidade-de-medicamentos,Saúde,Vigilância Sanitária
qualidade-de-produtos-para-o-consumidor,Saúde,Vigilância Sanitária
qualidade-de-saneantes,Saúde,Vigilância Sanitária
qualidade-de-software,Pesquisa e Desenvolvimento,
qualidade-do-ar,Meio ambiente,
qualidade-dos-medicamento,Saúde,Medicamentos e aparelhos
qualificacao-e-aprendizagem-profissional,Trabalho,
quantidade-de-agua,Meio ambiente,Água
quarentena-animal,Agropecuária,
quarentena-vegetal,Agropecuária,
queimadas-e-incendios,Meio ambiente,
queimadas-e-incendios,Meio ambiente,Biodiversidade
racao,Agropecuária,
racionalizacao-do-uso-dos-recursos-e-sua-destinacao,Meio ambiente,
radares,Transportes,
radio,Comunicações,
radioamador,Comunicações,
radiodifusao,Comunicações,
rastreamento-e-certificacao-da-producao-agricola,Meio ambiente,Biodiversidade
reabilitacao-profissional,Previdência Social,
realizacao-orcamentaria-e-financeira,Administração,Planejamento
reciclagem,Meio ambiente,
recifes-de-coral,Meio ambiente,Biodiversidade
reconhecimento-de-cursos,Educação,Educação superior
recreacao,Esporte e Lazer,Lazer
recuperacao-de-areas-degradadas,Meio ambiente,Biodiversidade
recuperacao-de-recursos-pesqueiros-sobreexplotados,Meio ambiente,Biodiversidade
recuperacao-e-manejo-sustentavel,Meio ambiente,Preservação e Conservação Ambiental
recuperacao-e-restauracao-de-ecossistemas,Meio ambiente,
recurso-ao-conselho-municipal-de-urbanismo,Urbanismo,Serviços Urbanos
recursos-energeticos,Energia,
recursos-geneticos-naturais-sujeitos-a-restricoes-legais,Meio ambiente,Biodiversidade
recursos-hidricos-na-agropecuaria,Meio ambiente,Água
recursos-hidricos-na-industria,Meio ambiente,Água
recursos-hidricos-transfronteiricos,Meio ambiente,Água
recursos-humanos,Administração,Recursos humanos
recursos-humanos-em-saude,Saúde,
recursos-logisticos,Administração,
recursos-pesqueiros,Meio ambiente,Biodiversidade
rede-brasileira-de-fundos-socioambientais,Meio ambiente,
rede-de-unidades-de-conservacao-particulares,Meio ambiente,Preservação e Conservação Ambiental
rede-laboratorial-de-sementes,Meio ambiente,Biodiversidade
redes-de-comunicacao,Pesquisa e Desenvolvimento,
refinanciamento-da-divida-externa,Economia e Finanças,
refinanciamento-da-divida-interna,Economia e Finanças,
reforma-agraria,Agropecuária,
reforma-de-imoveis,Urbanismo,
refugio-da-vida-silvestre,Meio ambiente,Preservação e Conservação Ambiental
regime-de-quarentena,Administração,
regime-politico,Administração,
regioes-com-balanco-deficitario-de-recursos-hidricos,Meio ambiente,Água
regioes-e-estados,Comércio e Serviços,Turismo
regioes-hidrograficas,Meio ambiente,Água
registro-comercial,Comércio e Serviços,
registro-de-emissao-e-transferencias-de-poluentes,Meio ambiente,
registro-de-obra-audiovisual,Cultura,
regulamentacao-comercial,Comércio e Serviços,
regulamentacao-industrial,Indústria,
regulamentacao-profissional,Trabalho,
regularizacao-fundiaria,Meio ambiente,Preservação e Conservação Ambiental
relacionados-a-unidades-de-conservacao-e-zonas-de-amortecimento,Meio ambiente,
relacoes-bilaterais,Relações Internacionais,
relacoes-de-trabalho,Trabalho,
relacoes-diplomaticas,Relações Internacionais,Relações Diplomáticas
relacoes-internacionais,Relações Internacionais,
relatorio-de-impacto-ambiental-rima,Meio ambiente,
remessa-de-patrimonio-genetico,Meio ambiente,Biodiversidade
remuneracao,Administração,Recursos humanos
remuneracao-dos-servicos-ambientais,Meio ambiente,
reparticao-de-beneficios-do-patrimonio-genetico,Meio ambiente,Biodiversidade
reparticao-de-competencias,Meio ambiente,
reposicao-florestal,Meio ambiente,
reposicao-florestal,Meio ambiente,Biodiversidade
representacoes-brasileira-no-exterior,Relações Internacionais,
representacoes-estrangeira-no-brasil,Relações Internacionais,
requerimento-de-publicidade-ao-ar-livre,Urbanismo,
reserva-da-fauna,Meio ambiente,Preservação e Conservação Ambiental
reserva-legal,Meio ambiente,Preservação e Conservação Ambiental
reserva-particular-do-patrimonio-natural,Meio ambiente,Preservação e Conservação Ambiental
reservas-biologicas,Meio ambiente,Preservação e Conservação Ambiental
reservas-de-desenvolvimento-sustentavel,Meio ambiente,
reservas-de-desenvolvimento-sustentavel,Meio ambiente,Preservação e Conservação Ambiental
reservas-extrativistas,Meio ambiente,
reservas-extrativistas,Meio ambiente,Preservação e Conservação Ambiental
residencia-medica,Educação,Educação superior
residuos-agropecuarios,Meio ambiente,
residuos-comerciais,Meio ambiente,
residuos-da-construcao-civil-e-demolicao,Meio ambiente,
residuos-de-servicos-de-saude,Saúde,
residuos-domiciliares,Meio ambiente,
residuos-e-rejeitos,Meio ambiente,
residuos-florestais,Meio ambiente,
residuos-hospitalares,Meio ambiente,
residuos-industriais,Saúde,
residuos-perigosos,Meio ambiente,
residuos-perigosos,Saúde,
residuos-quimicos,Meio ambiente,
residuos-radiotivos,Meio ambiente,
residuos-rurais,Meio ambiente,
residuos-solidos-urbanos,Meio ambiente,
residuos-toxicos,Meio ambiente,
resolucoes,Educação,
restauracao-e-preservacao,Meio ambiente,Preservação e Conservação Ambiental
restaurantes,Comércio e Serviços,Turismo
reuso-e-reaproveitamento-de-agua,Meio ambiente,Água
revalidacao-diploma-curso-superior,Educação,Educação superior
revitalizacao-de-bacias-hidrograficas,Meio ambiente,Água
riscos-associados-a-novas-tecnologias,Meio ambiente,Biodiversidade
robotica,Pesquisa e Desenvolvimento,
rodoviarias,Comércio e Serviços,Turismo
rodoviario,Urbanismo,Serviços Urbanos
roteiros-e-atracoes-turisticas,Comércio e Serviços,Turismo
roteiros-metodologicos-de-protecao-integral-de-ucs,Meio ambiente,Preservação e Conservação Ambiental
safra,Agropecuária,
sala-de-exibicao,Cultura,
salario-familia,Previdência Social,
salario-maternidade,Previdência Social,
salas-verdes,Meio ambiente,
salas-verdes-x-pontos-de-cultura,Meio ambiente,
samu-192,Saúde,
sancoes,Meio ambiente,
sancoes-administrativas,Meio ambiente,
sancoes-administrativas-compensatorias,Meio ambiente,
sancoes-civeis,Meio ambiente,
sancoes-criminais,Meio ambiente,
sancoes-da-compensacao-ambiental,Meio ambiente,
saneamento,Saúde,
saneamento-ambiental-urbano,Meio ambiente,
saneamento-urbano,Saneamento,Saneamento Básico Urbano
sangue-e-hemoderivados,Saúde,
sanidade-animal,Agropecuária,
sao-francisco,Meio ambiente,Água
saude,Saúde,
saude-bucal,Saúde,
saude-da-crianca,Saúde,
saude-da-familia,Saúde,
saude-da-mulher,Saúde,
saude-da-populacao-negra,Saúde,
saude-do-adolescente-e-do-jovem,Saúde,
saude-do-homem,Saúde,
saude-do-idoso,Saúde,
saude-do-indigena,Saúde,
saude-do-trabalhador,Saúde,
saude-do-viajante,Saúde,
saude-dos-portadores-de-deficiencias,Saúde,
saude-e-seguro,Comércio e Serviços,Turismo
saude-mental,Saúde,
saude-no-sistema-penitenciario,Saúde,
saude-ocular,Saúde,
saude-reprodutiva,Saúde,
secretaria-escolar,Educação,
segundo-ciclo,Educação,Educação básica
seguranca-alimentar,Agropecuária,Abastecimento
seguranca-alimentar,Meio ambiente,Biodiversidade
seguranca-alimentar-e-nutricional,Saúde,
seguranca-de-dados-e-informacoes,Comunicações,
seguranca-hidrica,Meio ambiente,Água
seguranca-nacional,Defesa Nacional,
seguranca-no-trabalho,Trabalho,
seguranca-publica,Segurança e Ordem Pública,
seguranca-quimica,Meio ambiente,
seguro-desemprego,Trabalho,
seguro-habitacional,Habitação,
seguros,Economia e Finanças,
sericicultura,Agropecuária,
servico-da-divida-externa,Economia e Finanças,
servico-da-divida-interna,Economia e Finanças,
servico-de-inteligencia,Segurança e Ordem Pública,Policiamento
servico-militar,Defesa Nacional,
servico-movel-por-satelite,Comunicações,
servicos,Comércio e Serviços,
servicos-ambientais,Meio ambiente,
servicos-consulares,Relações Internacionais,
servicos-de-coleta-unitizacao-desunitizacao-movimentacao-armazenagem-e-entrega-de-cargas-ao-dest,Transportes,
servicos-postais,Comunicações,
servicos-urbanos,Urbanismo,Serviços Urbanos
servidao-ambiental,Meio ambiente,
silvicultura-com-especies-nativas,Meio ambiente,Biodiversidade
silvicultura-em-especies-nativas,Meio ambiente,
sistema-de-informacao-em-saude,Saúde,
sistema-de-informacoes-sobre-recursos-hidricos,Meio ambiente,Água
sistema-de-mosaicos-de-areas-protegidas,Meio ambiente,Preservação e Conservação Ambiental
sistema-de-pagamentos-brasileiro,Economia e Finanças,
sistema-de-producao,Agropecuária,
sistema-de-reserva-de-vagas,Educação,Educação superior
sistema-de-saude,Saúde,
sistema-de-saude-suplementar,Saúde,
sistema-educacional-avaliacao,Educação,
sistema-eleitoral,Administração,
sistema-financeiro,Economia e Finanças,
sistema-nacional-de-gerenciamento-de-recursos-hidricos,Meio ambiente,Água
sistema-nacional-de-informacao-sobre-o-meio-ambiente-sinima,Meio ambiente,
sistema-nacional-de-meio-ambiente-sisnama,Meio ambiente,
sistema-politico,Administração,
sistema-unico-de-saude-sus,Saúde,
sistemas-agroflorestais-em-bases-sustentaveis,Meio ambiente,
sistemas-agroflorestais-safs,Meio ambiente,Biodiversidade
sistemas-de-certificacao-e-rastreabilidade-socioambiental,Meio ambiente,Biodiversidade
sistemas-de-informacao,Pesquisa e Desenvolvimento,
sistemas-de-informacao-cientifica-do-patrimonio-genetico,Meio ambiente,Biodiversidade
sistemas-georreferenciados,Meio ambiente,
sobreexplotacao,Meio ambiente,Biodiversidade
sobrepesca,Meio ambiente,Biodiversidade
software,Pesquisa e Desenvolvimento,
software-livre,Pesquisa e Desenvolvimento,
software-proprietario,Pesquisa e Desenvolvimento,
solar,Meio ambiente,
solos,Agropecuária,
stricto-sensu,Educação,Educação superior
substancias-que-destroem-a-camada-de-ozonio,Meio ambiente,
substancias-quimicas,Meio ambiente,
suinocultura,Agropecuária,
supletivo,Educação,
suprimento-de-alimento,Agropecuária,Abastecimento
sustentabilidade-ambiental,Meio ambiente,Biodiversidade
sustentabilidade-ambiental-da-atividade-turistica,Meio ambiente,Biodiversidade
sustentabilidade-dos-recursos-pesqueiros,Meio ambiente,Biodiversidade
taxa,Economia e Finanças,
teatro,Cultura,
tecnologia-ambientalmente-adequadas,Meio ambiente,
tecnologia-da-informacao-e-comunicacao,Pesquisa e Desenvolvimento,
tecnologia-de-alimentos,Agropecuária,
tecnologia-de-alimentos,Indústria,Propriedade Industrial
tecnologia-de-seguranca-de-dados-e-informacao,Pesquisa e Desenvolvimento,
tecnologia-educacional,Educação,
tecnologia-em-saude,Saúde,
tecnologia-espacial,Pesquisa e Desenvolvimento,
tecnologia-industrial,Indústria,
tecnologo,Educação,Educação superior
telecomunicacoes,Comunicações,
teleconferencia,Comunicações,
telefonia,Urbanismo,Serviços Urbanos
telefonia-fixa,Comunicações,
televisao,Comunicações,
televisao-digital,Comunicações,
televisao-terrestre,Comunicações,
terminais-privativos,Transportes,Transporte Hidroviário
termo-de-anuencia-previa-tap,Meio ambiente,Biodiversidade
termo-de-transferencia-de-material-ttm,Meio ambiente,Biodiversidade
tocantins-araguaia,Meio ambiente,Água
tombamento-historico,Urbanismo,
trabalho,Trabalho,
trabalho-estrangeiro,Relações Internacionais,
trabalho-estrangeiro,Trabalho,
trabalho-social-voluntario,Proteção Social,
transferencia,Educação,Educação superior
transferencia-de-imovel,Habitação,
transferencias-financeiras,Economia e Finanças,
transgenia-e-sequenciamento,Agropecuária,
transgenicos,Meio ambiente,Biodiversidade
transicao-agroecologica-de-sistemas-de-producao,Meio ambiente,
transito,Transportes,
transplantes-de-orgaos-e-tecidos,Saúde,
transporte,Agropecuária,Abastecimento
transporte-aereo,Transportes,Transporte Aéreo
transporte-aquaviario,Meio ambiente,Água
transporte-aquaviario,Transportes,Transporte Hidroviário
transporte-aquaviario-de-cargas,Transportes,Transporte Hidroviário
transporte-aquaviario-de-passageiros,Transportes,Transporte Hidroviário
transporte-de-patrimonio-genetico,Meio ambiente,Biodiversidade
transporte-do-trabalhador,Trabalho,
transporte-dutoviario,Transportes,
transporte-escolar,Educação,
transporte-escolar,Urbanismo,Serviços Urbanos
transporte-especial,Transportes,
transporte-ferroviario,Transportes,Transporte Ferroviário
transporte-ferroviario-de-cargas,Transportes,Transporte Ferroviário
transporte-ferroviario-de-passageiros,Transportes,Transporte Ferroviário
transporte-internacional,Transportes,
transporte-internacional-de-cargas,Transportes,
transporte-internacional-de-passageiros,Transportes,
transporte-multimodal,Transportes,
transporte-rodoviario,Transportes,Transporte Rodoviário
transporte-rodoviario-de-cargas,Transportes,Transporte Rodoviário
transporte-rodoviario-de-passageiros,Transportes,Transporte Rodoviário
transportes-coletivos,Urbanismo,Serviços Urbanos
transportes-e-transito,"Transportes, Urbanismo",
transtornos-alimentares,Saúde,
tratado-internacional,Relações Internacionais,
tratamento-de-agua,Saneamento,Saneamento Básico Urbano
tratamento-de-esgoto,Saneamento,Saneamento Básico Urbano
tratamento-de-residuos-solidos,Meio ambiente,Preservação e Conservação Ambiental
tratamento-e-disposicao-de-esgoto,Meio ambiente,
tratos-culturais,Agropecuária,
trem-metropolitano,Urbanismo,Serviços Urbanos
tributo,Economia e Finanças,
troca-de-lampadas,Urbanismo,Serviços Urbanos
turismo,Comércio e Serviços,Turismo
turismo-cultural,Comércio e Serviços,Turismo
turismo-de-aventura,Comércio e Serviços,Turismo
turismo-gastronomico,Comércio e Serviços,Turismo
turismo-internacional,Comércio e Serviços,Turismo
turismo-religioso,Comércio e Serviços,Turismo
turismo-rural,Comércio e Serviços,Turismo
turismo-sustentavel-na-amazonia-legal,Meio ambiente,Biodiversidade
turismo-tematico,Comércio e Serviços,Turismo
tv-a-cabo,Comunicações,
tv-via-satelite,Comunicações,
unidade-basica-de-saude,Saúde,Assistência Hospitalar e Ambulatorial
unidades-de-conservacao,Meio ambiente,Biodiversidade
unidades-de-conservacao-ucs,Meio ambiente,Preservação e Conservação Ambiental
unidades-de-manejo-em-florestas-publicas,Meio ambiente,
unidades-de-saude,Saúde,Assistência Hospitalar e Ambulatorial
upa-24-horas,Saúde,
urbanismo,Urbanismo,
uruguai,Meio ambiente,Água
uso-do-solo,Meio ambiente,Biodiversidade
uso-e-ocupacao-das-florestas,Meio ambiente,
uso-eficiente-e-racional-das-florestas,Meio ambiente,
uso-publico-das-unidades-de-conservacao,Meio ambiente,
uso-publico-das-unidades-de-conservacao,Meio ambiente,Preservação e Conservação Ambiental
uso-sustentavel-das-unidades-de-conservacao,Meio ambiente,Preservação e Conservação Ambiental
uso-sustentavel-de-recursos-pesqueiros,Meio ambiente,Biodiversidade
usos-multiplos-de-recursos-hidricos,Meio ambiente,Água
utilizacao-do-patrimonio-genetico,Meio ambiente,Biodiversidade
vacinacao,Saúde,Combate a epidemias
vacinacao-do-viajante,Comércio e Serviços,Turismo
vacinacao-do-viajante,Saúde,
vacinas,Agropecuária,
vacinas,Saúde,Vigilância Sanitária
validade-diploma-educacao-superior,Educação,Educação superior
valoracao-do-patrimonio-genetico,Meio ambiente,Biodiversidade
valoracao-dos-servicos-ambientais-prestados-pelas-florestas-e-demais-forma-de-vegetacao-nativa,Meio ambiente,
valoracao-dos-servicos-ambientais-prestados-pelas-florestas-e-demais-formas-de-vegetacao-nativa,Meio ambiente,
valoracao-economica-dos-recursos-naturais,Meio ambiente,
valorizacao-de-residuos-florestais,Meio ambiente,
valorizacao-dos-residuos-solidos,Meio ambiente,
variedades-crioulas,Meio ambiente,Biodiversidade
variedades-de-sementes-e-mudas,Agropecuária,
veiculos-de-comunicacao,Comunicações,
vestibular,Educação,Educação superior
veterinaria,Agropecuária,
vetores,Meio ambiente,Biodiversidade
vigilancia-sanitaria,Saúde,Vigilância Sanitária
violencia,Saúde,
violencia-contra-o-idoso,Saúde,
violencia-contra-o-menor,Saúde,
violencia-de-genero,Saúde,
violencia-domestica,Saúde,
violencia-urbana,Saúde,
visitacao-de-unidades-de-conservacao,Meio ambiente,Preservação e Conservação Ambiental
web-tv,Comunicações,
xilotecas,Meio ambiente,Biodiversidade
zona-costeira-e-marinha,Meio ambiente,Biodiversidade
zona-economica-exclusiva,Meio ambiente,Biodiversidade
zonas-umidas,Meio ambiente,Biodiversidade
zoneamento-agro-ecologico,Meio ambiente,
zoneamento-ecologico-e-economico-zee,Meio ambiente,
zootecnia,Agropecuária,
