numero,descricao,bug,tech_debt,repo,ultima_alteracao,ideia,para_rodar,em_progresso,para_homologacao,em_homologacao,em_producao,aprendemos,cycle_time,lead_time
321,Validação de contraste,false,false,servicosgovbr/guia-de-servicos,05/21/15 16:28,05/21/15 16:28,05/21/15 16:28,05/21/15 16:28,05/21/15 16:28,05/21/15 16:28,05/21/15 16:28,,1,
320,Revisão de padrões de texto,false,true,servicosgovbr/guia-de-servicos,05/21/15 16:04,05/21/15 16:03,05/21/15 16:03,05/21/15 16:03,05/21/15 16:03,05/21/15 16:03,05/21/15 16:03,,1,
319,Breve descrição nos itens em destaque da página principal,false,false,servicosgovbr/guia-de-servicos,05/21/15 14:34,05/21/15 14:33,05/21/15 14:34,05/21/15 14:34,05/21/15 14:34,05/21/15 14:34,05/21/15 14:34,,1,
318,Checklist para Produção,false,false,servicosgovbr/guia-de-servicos,05/21/15 16:33,05/21/15 14:23,05/21/15 14:23,05/21/15 14:23,05/21/15 14:23,05/21/15 14:23,05/21/15 14:23,,1,
317,Reduzir qtd de serviços em destaque,true,false,servicosgovbr/guia-de-servicos,05/21/15 16:28,05/20/15 16:17,05/20/15 16:17,05/20/15 16:17,05/20/15 16:17,05/20/15 16:17,05/20/15 16:17,,1,
316,Destaque para linha da vida selecionada,false,false,servicosgovbr/guia-de-servicos,05/20/15 15:47,05/20/15 15:47,05/20/15 15:47,05/20/15 15:47,05/20/15 15:47,05/20/15 15:47,05/20/15 15:47,,1,
315,Texto final da página dos órgãos,true,false,servicosgovbr/guia-de-servicos,05/21/15 16:28,05/20/15 15:39,05/20/15 15:39,05/20/15 15:39,05/20/15 15:39,05/20/15 15:39,05/20/15 15:39,,1,
314,Renomear linhas da vida,true,false,servicosgovbr/guia-de-servicos,05/21/15 16:31,05/20/15 15:18,05/20/15 15:18,05/20/15 15:18,05/20/15 15:18,05/20/15 15:18,05/20/15 15:18,05/20/15 17:36,1,1
313,Atualiza og:description - #311,false,false,servicosgovbr/guia-de-servicos,05/20/15 15:11,05/20/15 15:09,05/20/15 15:09,05/20/15 15:09,05/20/15 15:09,05/20/15 15:09,05/20/15 15:09,05/20/15 15:11,1,1
312,Colocar as siglas nos nomes dos órgãos,true,false,servicosgovbr/guia-de-servicos,05/20/15 16:09,05/20/15 15:05,05/20/15 15:05,05/20/15 15:05,05/20/15 15:05,05/20/15 15:05,05/20/15 15:05,05/20/15 16:09,1,1
311,Atualizar texto do feedback,false,false,servicosgovbr/guia-de-servicos,05/20/15 15:18,05/20/15 15:02,05/20/15 15:02,05/20/15 15:02,05/20/15 15:02,05/20/15 15:02,05/20/15 15:02,05/20/15 15:18,1,1
310,Atualizar Gradle p/ 2.4,false,true,servicosgovbr/guia-de-servicos,05/20/15 17:39,05/20/15 14:56,05/20/15 14:56,05/20/15 14:56,05/20/15 14:56,05/20/15 14:56,05/20/15 14:56,05/20/15 17:39,1,1
309,Adicionando informações sobre o PGMEI,false,false,servicosgovbr/guia-de-servicos,05/20/15 15:16,05/20/15 14:33,05/20/15 14:40,05/20/15 14:40,05/20/15 14:40,05/20/15 14:40,05/20/15 14:40,05/20/15 14:40,1,1
308,Estruturando a descrição do FGTS em parágrafos,false,false,servicosgovbr/guia-de-servicos,05/20/15 15:09,05/20/15 14:33,05/20/15 14:42,05/20/15 14:42,05/20/15 14:42,05/20/15 14:42,05/20/15 14:42,05/20/15 14:42,1,1
307,Removendo início de texto duplicado.,false,false,servicosgovbr/guia-de-servicos,05/20/15 14:39,05/20/15 11:53,05/20/15 14:39,05/20/15 14:39,05/20/15 14:39,05/20/15 14:39,05/20/15 14:39,05/20/15 14:39,1,1
306,Links da SRF quebrados,true,false,servicosgovbr/guia-de-servicos,05/20/15 14:02,05/20/15 10:11,05/20/15 10:11,05/20/15 10:11,05/20/15 10:11,05/20/15 10:11,05/20/15 10:11,05/20/15 10:17,1,1
305,Links quebrados,true,false,servicosgovbr/guia-de-servicos,05/20/15 14:02,05/19/15 17:05,05/19/15 17:05,05/19/15 17:05,05/19/15 17:05,05/19/15 17:05,05/19/15 17:05,05/20/15 10:12,1,1
304,Ajustar navegação por tab,true,false,servicosgovbr/guia-de-servicos,05/20/15 10:43,05/19/15 17:02,05/19/15 17:02,05/19/15 17:02,05/19/15 17:02,05/19/15 17:02,05/19/15 17:02,,1,
303,Pedir feedback sobre a página do serviço,false,false,servicosgovbr/guia-de-servicos,05/19/15 10:35,05/19/15 10:35,05/19/15 10:35,05/19/15 10:35,05/19/15 10:35,05/19/15 10:35,05/19/15 10:35,,1,
302,Links com font-size diferentes,true,false,servicosgovbr/guia-de-servicos,05/20/15 17:46,05/19/15 10:01,05/19/15 10:39,05/19/15 10:39,05/19/15 10:39,05/19/15 10:39,05/19/15 10:39,05/20/15 17:32,1,1
301,Multas de trânsito,false,false,servicosgovbr/guia-de-servicos,05/19/15 12:09,05/19/15 09:57,05/19/15 12:09,05/19/15 12:09,05/19/15 12:09,05/19/15 12:09,05/19/15 12:09,05/19/15 12:09,1,1
300,Muda letras maúsculas no meio de sentenças para letras minúsculas,false,false,servicosgovbr/guia-de-servicos,05/19/15 10:37,05/19/15 09:37,05/19/15 10:37,05/19/15 10:37,05/19/15 10:37,05/19/15 10:37,05/19/15 10:37,05/19/15 10:37,1,1
299,Corrige erro de capitalização no salario-familia,false,false,servicosgovbr/guia-de-servicos,05/18/15 23:14,05/18/15 23:09,05/18/15 23:14,05/18/15 23:14,05/18/15 23:14,05/18/15 23:14,05/18/15 23:14,05/18/15 23:14,1,1
298,Padronização de entrelinha,false,false,servicosgovbr/guia-de-servicos,05/19/15 14:06,05/18/15 19:40,05/18/15 19:40,05/18/15 19:40,05/18/15 19:40,05/18/15 19:40,05/18/15 19:40,,1,
297,"Menu ""Categorias"" está com margens",true,false,servicosgovbr/guia-de-servicos,05/20/15 14:05,05/18/15 17:18,05/18/15 17:18,05/18/15 17:18,05/18/15 17:18,05/18/15 17:18,05/18/15 17:18,05/20/15 14:05,1,2
296,"""Bem-vindo"" da página inicial deveria ser <p>",true,false,servicosgovbr/guia-de-servicos,05/18/15 23:40,05/18/15 12:49,05/18/15 12:49,05/18/15 12:49,05/18/15 12:49,05/18/15 12:49,05/18/15 12:49,,1,
295,Resultados de busca não estão aparecendo,true,false,servicosgovbr/guia-de-servicos,05/18/15 14:06,05/18/15 12:43,05/18/15 12:43,05/18/15 12:43,05/18/15 12:43,05/18/15 12:43,05/18/15 12:43,05/18/15 13:45,1,1
294,Cabeçalho está maior do que deveria na página de feedback,true,false,servicosgovbr/guia-de-servicos,05/19/15 14:01,05/18/15 11:45,05/18/15 11:45,05/18/15 11:45,05/18/15 11:45,05/18/15 11:45,05/18/15 11:45,05/19/15 14:01,1,1
293,Adicionar header Content-Security-Policy,true,false,servicosgovbr/guia-de-servicos,05/18/15 14:06,05/15/15 17:35,05/15/15 17:35,05/15/15 17:35,05/15/15 17:35,05/15/15 17:35,05/15/15 17:35,05/15/15 20:34,1,1
292,Adicionar header X-Content-Type-Options,true,false,servicosgovbr/guia-de-servicos,05/18/15 14:05,05/15/15 17:34,05/15/15 17:34,05/15/15 17:34,05/15/15 17:34,05/15/15 17:34,05/15/15 17:34,05/15/15 20:34,1,1
291,Adicionar header X-XSS-Protection,true,false,servicosgovbr/guia-de-servicos,05/18/15 14:05,05/15/15 17:34,05/15/15 17:34,05/15/15 17:34,05/15/15 17:34,05/15/15 17:34,05/15/15 17:34,05/15/15 20:34,1,1
290,Adicionar header X-Frame-Options,true,false,servicosgovbr/guia-de-servicos,05/18/15 14:05,05/15/15 17:33,05/15/15 17:33,05/15/15 17:33,05/15/15 17:33,05/15/15 17:33,05/15/15 17:33,05/15/15 20:34,1,1
289,/health respondendo DOWN,false,false,servicosgovbr/guia-de-servicos,05/15/15 12:43,05/15/15 11:14,05/15/15 11:47,05/15/15 11:47,05/15/15 11:47,05/15/15 11:47,05/15/15 11:47,05/15/15 12:43,1,1
288,Traduzir o texto na página de ouvidoria,false,false,servicosgovbr/guia-de-servicos,05/15/15 11:37,05/15/15 11:09,05/15/15 11:37,05/15/15 11:37,05/15/15 11:37,05/15/15 11:37,05/15/15 11:37,05/15/15 11:37,1,1
287,"Buscar por ""acessibilidade""",true,false,servicosgovbr/guia-de-servicos,05/19/15 11:40,05/15/15 11:07,05/15/15 11:07,05/15/15 11:07,05/15/15 11:07,05/15/15 11:07,05/15/15 11:07,,1,
286,"Trocar ""Município"" por MDS",false,false,servicosgovbr/guia-de-servicos,05/20/15 15:18,05/14/15 16:03,05/14/15 16:03,05/14/15 16:03,05/14/15 16:03,05/14/15 16:03,05/14/15 16:03,05/14/15 16:07,1,1
285,Yaml inválido não quebra o build,true,false,servicosgovbr/guia-de-servicos,05/14/15 16:15,05/14/15 15:52,05/14/15 15:52,05/14/15 15:52,05/14/15 15:52,05/14/15 15:52,05/14/15 15:52,05/14/15 16:15,1,1
284,"Erro nos links ""Serviços aos cidadãos"" e ""Serviços às empresas""""",true,false,servicosgovbr/guia-de-servicos,05/14/15 14:03,05/14/15 10:38,05/14/15 10:38,05/14/15 10:38,05/14/15 10:38,05/14/15 10:38,05/14/15 10:38,05/14/15 11:37,1,1
283,Bloquear busca vazia,false,false,servicosgovbr/guia-de-servicos,05/14/15 18:19,05/13/15 16:23,05/13/15 16:23,05/13/15 16:23,05/13/15 16:23,05/13/15 16:23,05/13/15 16:23,,1,
282,"XML inválido não é importado, mas build passa",true,false,servicosgovbr/guia-de-servicos,05/14/15 14:03,05/13/15 15:21,05/13/15 15:21,05/13/15 15:21,05/13/15 15:21,05/13/15 15:21,05/13/15 15:21,05/14/15 11:29,1,1
281,Abrir um serviço no editor,false,false,servicosgovbr/guia-de-servicos,05/15/15 14:54,05/13/15 15:00,05/13/15 15:00,05/13/15 15:00,05/13/15 15:00,05/13/15 15:00,05/13/15 15:00,05/13/15 15:02,1,1
280,Testar gateway de email,false,false,servicosgovbr/guia-de-servicos,05/19/15 14:04,05/13/15 14:33,05/13/15 14:33,05/13/15 14:33,05/13/15 14:33,05/13/15 14:33,05/13/15 14:33,,1,
279,Link para feedback sendo identificado como link para podcasts,true,false,servicosgovbr/guia-de-servicos,05/13/15 16:22,05/13/15 13:39,05/13/15 13:39,05/13/15 13:39,05/13/15 13:39,05/13/15 13:39,05/13/15 13:39,05/13/15 16:22,1,1
278,Input de busca exibido incorretamente no Safari,true,false,servicosgovbr/guia-de-servicos,05/14/15 14:04,05/13/15 10:19,05/13/15 10:19,05/13/15 10:19,05/13/15 10:19,05/13/15 10:19,05/13/15 10:19,05/13/15 13:51,1,1
277,Adicionar link ao github para páginas de conteúdo,false,false,servicosgovbr/guia-de-servicos,05/15/15 10:47,05/12/15 16:12,05/12/15 16:12,05/12/15 16:12,05/12/15 16:12,05/12/15 16:12,05/12/15 16:12,,1,
276,Adicionar link ao github para órgão,false,false,servicosgovbr/guia-de-servicos,05/15/15 16:35,05/12/15 16:09,05/12/15 16:09,05/12/15 16:09,05/12/15 16:09,05/12/15 16:09,05/12/15 16:09,,1,
275,Adicionar link ao github para serviço,false,false,servicosgovbr/guia-de-servicos,05/15/15 15:40,05/12/15 16:09,05/12/15 16:09,05/12/15 16:09,05/12/15 16:09,05/12/15 16:09,05/12/15 16:09,,1,
274,Hierarquizar lista de órgãos segundo SIORG,false,false,servicosgovbr/guia-de-servicos,05/15/15 16:11,05/12/15 15:22,05/13/15 14:50,05/13/15 14:50,05/13/15 14:50,05/13/15 14:50,05/13/15 14:50,,1,
273,Link quebrado: Atualização de endereço de aposentados e pensionistas,true,false,servicosgovbr/guia-de-servicos,05/12/15 12:43,05/12/15 12:42,05/12/15 12:42,05/12/15 12:42,05/12/15 12:42,05/12/15 12:42,05/12/15 12:42,05/12/15 12:43,1,1
272,Link quebrado: Extrato de Benefícios Previdenciários para Declaração de Imposto de Renda,true,false,servicosgovbr/guia-de-servicos,05/14/15 14:05,05/12/15 12:35,05/12/15 12:35,05/12/15 12:35,05/12/15 12:35,05/12/15 12:35,05/12/15 12:35,05/12/15 12:38,1,1
271,Página da iniciativa Guia de Serviços,false,false,servicosgovbr/guia-de-servicos,05/14/15 14:04,05/12/15 11:36,05/12/15 11:36,05/12/15 11:36,05/12/15 11:36,05/12/15 11:36,05/12/15 11:36,05/12/15 11:39,1,1
270,Linkbacks,false,false,servicosgovbr/guia-de-servicos,05/14/15 18:20,05/12/15 04:10,05/12/15 04:10,05/12/15 04:10,05/12/15 04:10,05/12/15 04:10,05/12/15 04:10,,1,
269,Remover paginação e total de resultados do topo,false,false,servicosgovbr/guia-de-servicos,05/14/15 11:27,05/11/15 16:20,05/11/15 16:20,05/11/15 16:20,05/11/15 16:20,05/11/15 16:20,05/11/15 16:20,,1,
268,Informar as palavras pesquisadas nas compensações,false,false,servicosgovbr/guia-de-servicos,05/14/15 18:20,05/11/15 13:28,05/11/15 17:10,05/11/15 17:10,05/11/15 17:10,05/11/15 17:10,05/11/15 17:10,,1,
267,As categorizações não aparecem no celular,false,false,servicosgovbr/guia-de-servicos,05/11/15 15:05,05/11/15 11:01,05/11/15 15:05,05/11/15 15:05,05/11/15 15:05,05/11/15 15:05,05/11/15 15:05,05/11/15 15:05,1,1
266,Perguntas frequentes não aparece no celular,true,false,servicosgovbr/guia-de-servicos,05/14/15 14:05,05/11/15 10:56,05/11/15 17:10,05/11/15 17:10,05/11/15 17:10,05/11/15 17:10,05/11/15 17:10,05/13/15 12:46,1,2
265,Verificando links quebrados / antigos,false,false,servicosgovbr/guia-de-servicos,05/21/15 16:29,05/10/15 20:29,05/12/15 04:17,05/12/15 04:17,05/12/15 04:17,05/12/15 04:17,05/12/15 04:17,,1,
264,Uniformizar texto do feedback,false,false,servicosgovbr/guia-de-servicos,05/13/15 14:49,05/08/15 17:45,,,,,,,,
263,Corrigir breadcrumb,false,false,servicosgovbr/guia-de-servicos,05/13/15 14:46,05/08/15 17:44,05/08/15 20:20,05/08/15 20:20,05/08/15 20:20,05/08/15 20:20,05/08/15 20:20,05/13/15 14:46,1,5
262,Inserir auto-complete na busca,false,false,servicosgovbr/guia-de-servicos,05/15/15 16:11,05/08/15 17:44,05/13/15 14:44,05/13/15 14:44,05/13/15 14:44,05/13/15 14:44,05/13/15 14:44,,1,
261,Melhorar visualização do campo de busca na barra,false,false,servicosgovbr/guia-de-servicos,05/08/15 20:18,05/08/15 17:43,05/08/15 20:18,05/08/15 20:18,05/08/15 20:18,05/08/15 20:18,05/08/15 20:18,05/08/15 20:18,1,1
260,"Link do ""Começar"" duplicado em ""Canais""",false,false,servicosgovbr/guia-de-servicos,05/18/15 15:18,05/08/15 17:42,05/13/15 14:42,05/13/15 14:42,05/13/15 14:42,05/13/15 14:42,05/13/15 14:42,,1,
259,Corrigir texto de busca vazia.,false,false,servicosgovbr/guia-de-servicos,05/13/15 16:23,05/08/15 17:41,05/08/15 20:18,05/08/15 20:18,05/08/15 20:18,05/08/15 20:18,05/08/15 20:18,05/08/15 20:18,1,1
258,Corrigir busca,true,false,servicosgovbr/guia-de-servicos,05/15/15 15:32,05/08/15 17:36,05/13/15 14:41,05/13/15 14:41,05/13/15 14:41,05/13/15 14:41,05/13/15 14:41,05/15/15 15:32,1,2
257,Adicionar texto sobre ouvidorias à página de órgãos,false,false,servicosgovbr/guia-de-servicos,05/14/15 16:29,05/08/15 16:56,05/08/15 16:56,05/08/15 16:56,05/08/15 16:56,05/08/15 16:56,05/08/15 16:56,,1,
256,Retirar textos linhas da vida,false,false,servicosgovbr/guia-de-servicos,05/14/15 11:35,05/08/15 16:20,05/08/15 16:20,05/08/15 16:20,05/08/15 16:20,05/08/15 16:20,05/08/15 16:20,,1,
255,"""Ocorreu um erro"" -> erros mais específicos para o usuário quando possível",false,false,servicosgovbr/guia-de-servicos,05/15/15 14:54,05/07/15 17:54,05/07/15 17:57,05/07/15 17:57,05/07/15 17:57,05/07/15 17:57,05/07/15 17:57,,1,
254,Visão do Dashboard de Métricas,false,false,servicosgovbr/guia-de-servicos,05/14/15 14:09,05/07/15 17:23,05/07/15 17:23,05/07/15 17:23,05/07/15 17:23,05/07/15 17:23,05/07/15 17:23,05/14/15 14:09,1,7
253,A página de feedback está com o cabeçalho cortado,true,false,servicosgovbr/guia-de-servicos,05/18/15 11:44,05/07/15 15:36,05/07/15 15:36,05/07/15 15:36,05/07/15 15:36,05/07/15 15:36,05/07/15 15:36,05/07/15 17:22,1,1
252,Campos de busca não estilizados no IE 8,true,false,servicosgovbr/guia-de-servicos,05/08/15 14:03,05/07/15 14:51,05/07/15 14:51,05/07/15 14:51,05/07/15 14:51,05/07/15 14:51,05/07/15 14:51,05/07/15 16:01,1,1
251,Ícones do Font Awesome não estão aparecendo no IE 8,true,false,servicosgovbr/guia-de-servicos,05/14/15 14:06,05/06/15 20:34,05/06/15 20:34,05/06/15 20:34,05/06/15 20:34,05/06/15 20:34,05/06/15 20:34,05/08/15 19:50,1,2
250,Barra Brasil não está mostrando os links da direita no IE 8,true,false,servicosgovbr/guia-de-servicos,05/08/15 14:03,05/06/15 20:02,05/06/15 20:02,05/06/15 20:02,05/06/15 20:02,05/06/15 20:02,05/06/15 20:02,05/07/15 16:02,1,1
249,robots.txt permitindo indexação do alpha,true,false,servicosgovbr/guia-de-servicos,05/06/15 17:52,05/06/15 17:43,05/06/15 17:43,05/06/15 17:43,05/06/15 17:43,05/06/15 17:43,05/06/15 17:43,05/06/15 17:44,1,1
248,Definir ícone para novas linhas da vida,true,false,servicosgovbr/guia-de-servicos,05/08/15 14:02,05/06/15 14:21,05/06/15 14:21,05/06/15 14:21,05/06/15 14:21,05/06/15 14:21,05/06/15 14:21,05/08/15 11:51,1,2
247,Esconder a migalha-de-pão nos dipositivos mobile,true,false,servicosgovbr/guia-de-servicos,05/07/15 14:04,05/06/15 14:00,05/06/15 14:00,05/06/15 14:00,05/06/15 14:00,05/06/15 14:00,05/06/15 14:00,05/06/15 17:45,1,1
246,Rodapé da Barra Brasil não está com os estilos corretos no IE8,true,false,servicosgovbr/guia-de-servicos,05/07/15 14:04,05/06/15 11:48,05/06/15 11:48,05/06/15 11:48,05/06/15 11:48,05/06/15 11:48,05/06/15 11:48,05/07/15 14:04,1,1
245,Está mostrando um ícone junto com o ícone de pesquisa,true,false,servicosgovbr/guia-de-servicos,05/06/15 12:10,05/06/15 11:33,05/06/15 11:33,05/06/15 11:33,05/06/15 11:33,05/06/15 11:33,05/06/15 11:33,05/06/15 12:10,1,1
244,Links estão com a cor azul no IE8,true,false,servicosgovbr/guia-de-servicos,05/07/15 14:04,05/06/15 11:32,05/06/15 11:32,05/06/15 11:32,05/06/15 11:32,05/06/15 11:32,05/06/15 11:32,05/07/15 14:04,1,1
243,Verificar erros e warnings indicados pelo Chrome Audit,false,false,servicosgovbr/guia-de-servicos,05/06/15 11:25,05/06/15 11:21,,,,,,,,
242,Fontes estão renderizando em um peso menor nos celulares,true,false,servicosgovbr/guia-de-servicos,05/08/15 17:39,05/05/15 18:42,05/05/15 18:42,05/05/15 18:42,05/05/15 18:42,05/05/15 18:42,05/05/15 18:42,05/07/15 15:26,1,2
241,Extrair variáveis SCSS,false,true,servicosgovbr/guia-de-servicos,05/06/15 14:09,05/05/15 18:41,05/05/15 18:41,05/05/15 18:41,05/05/15 18:41,05/05/15 18:41,05/05/15 18:41,,1,
240,Ajustes de margens à direita para mobile e tablet,true,false,servicosgovbr/guia-de-servicos,05/07/15 14:04,05/05/15 18:07,05/05/15 18:07,05/05/15 18:07,05/05/15 18:07,05/05/15 18:07,05/05/15 18:07,05/07/15 14:04,1,2
239,Efeitos CSS não estão funcionando no IE 8,true,false,servicosgovbr/guia-de-servicos,05/07/15 14:18,05/05/15 17:36,05/05/15 17:36,05/05/15 17:36,05/05/15 17:36,05/05/15 17:36,05/05/15 17:36,05/07/15 14:18,1,2
238,Corrigir grid css no IE 8,true,false,servicosgovbr/guia-de-servicos,05/07/15 14:04,05/05/15 17:32,05/05/15 17:32,05/05/15 17:32,05/05/15 17:32,05/05/15 17:32,05/05/15 17:32,05/07/15 14:04,1,2
237,Corrigir cabeçalho da página no IE 8,true,false,servicosgovbr/guia-de-servicos,05/07/15 14:04,05/05/15 17:29,05/05/15 17:29,05/05/15 17:29,05/05/15 17:29,05/05/15 17:29,05/05/15 17:29,05/07/15 14:04,1,2
236,Versão do JQuery usada no site não é suportada pelo Internet Explorer 8,true,false,servicosgovbr/guia-de-servicos,05/07/15 14:04,05/05/15 17:27,05/05/15 17:27,05/05/15 17:27,05/05/15 17:27,05/05/15 17:27,05/05/15 17:27,05/07/15 14:04,1,2
235,Campo de busca deve ser marcado com tipo search no html,true,false,servicosgovbr/guia-de-servicos,05/05/15 17:16,05/05/15 14:39,05/05/15 14:39,05/05/15 14:39,05/05/15 14:39,05/05/15 14:39,05/05/15 14:39,05/05/15 17:16,1,1
234,Atalho de busca na home não deixa campo ativo,true,false,servicosgovbr/guia-de-servicos,05/06/15 17:45,04/30/15 10:02,04/30/15 13:57,04/30/15 13:57,04/30/15 13:57,04/30/15 13:57,04/30/15 13:57,05/06/15 17:45,1,6
233,Validação do formulário de feedback,true,false,servicosgovbr/guia-de-servicos,05/06/15 17:45,04/29/15 11:21,04/29/15 11:21,04/29/15 11:21,04/29/15 11:21,04/29/15 11:21,04/29/15 11:21,05/06/15 17:45,1,7
232,Formulário de feedback retorna msg em inglês se usuário não selecionar uma das opções,false,false,servicosgovbr/guia-de-servicos,04/29/15 10:43,04/29/15 10:02,04/29/15 10:43,04/29/15 10:43,04/29/15 10:43,04/29/15 10:43,04/29/15 10:43,04/29/15 10:43,1,1
231,Ajustar o alinhamento dos elementos da página em tablets,false,false,servicosgovbr/guia-de-servicos,05/19/15 10:06,04/28/15 17:31,04/28/15 17:31,04/28/15 17:31,04/28/15 17:31,04/28/15 17:31,04/28/15 17:31,,1,
230,Ajustar o alinhamento dos elementos da página em smartphones,false,false,servicosgovbr/guia-de-servicos,05/19/15 10:06,04/28/15 17:28,04/28/15 17:28,04/28/15 17:28,04/28/15 17:28,04/28/15 17:28,04/28/15 17:28,,1,
229,"Esconder a navegação por atalhos (1, 2, 3, 4) até a quebra de 760px e mostrar os itens Acessibilidade / Alto Contraste / Mapa do Site abaixo da Barra Brasil",true,false,servicosgovbr/guia-de-servicos,04/30/15 13:45,04/28/15 16:51,04/28/15 16:51,04/28/15 16:51,04/28/15 16:51,04/28/15 16:51,04/28/15 16:51,04/30/15 13:44,1,2
228,Selecionar destaques manuais,false,false,servicosgovbr/guia-de-servicos,05/14/15 11:36,04/28/15 14:41,04/28/15 14:41,04/28/15 14:41,04/28/15 14:41,04/28/15 14:41,04/28/15 14:41,,1,
227,Revisar estrutura de headings,true,false,servicosgovbr/guia-de-servicos,05/06/15 17:45,04/28/15 13:33,04/28/15 13:33,04/28/15 13:33,04/28/15 13:33,04/28/15 13:33,04/28/15 13:33,05/06/15 17:45,1,8
226,Alto contraste não funciona sem JavaScript,true,false,servicosgovbr/guia-de-servicos,05/14/15 18:47,04/28/15 12:11,04/28/15 12:15,04/28/15 12:15,04/28/15 12:15,04/28/15 12:15,04/28/15 12:15,,1,
225,Barra Brasil não funciona sem JavaScript,true,false,servicosgovbr/guia-de-servicos,05/14/15 18:47,04/28/15 12:11,04/28/15 12:16,04/28/15 12:16,04/28/15 12:16,04/28/15 12:16,04/28/15 12:16,,1,
224,Visualização de serviços por ordem alfabética,true,false,servicosgovbr/guia-de-servicos,04/28/15 13:45,04/28/15 12:03,04/28/15 12:03,04/28/15 12:03,04/28/15 12:03,04/28/15 12:03,04/28/15 12:03,04/28/15 13:27,1,1
223,Revisar títulos das páginas,false,false,servicosgovbr/guia-de-servicos,04/28/15 12:10,04/28/15 11:53,04/28/15 11:53,04/28/15 11:53,04/28/15 11:53,04/28/15 11:53,04/28/15 11:53,04/28/15 12:10,1,1
222,Remover @title,false,false,servicosgovbr/guia-de-servicos,04/28/15 12:10,04/28/15 11:49,04/28/15 11:49,04/28/15 11:49,04/28/15 11:49,04/28/15 11:49,04/28/15 11:49,04/28/15 12:10,1,1
221,Buscar por conteúdo / órgão,false,false,servicosgovbr/guia-de-servicos,05/15/15 14:12,04/27/15 16:50,04/27/15 16:50,04/27/15 16:50,04/27/15 16:50,04/27/15 16:50,04/27/15 16:50,,1,
220,"Incluir pergunta sobre ""Sua conta"" no FAQ",false,false,servicosgovbr/guia-de-servicos,04/28/15 15:19,04/27/15 16:49,04/27/15 16:49,04/27/15 16:49,04/27/15 16:49,04/27/15 16:49,04/27/15 16:49,04/28/15 09:53,1,1
219,"Eliminar ""Sua Conta""",false,false,servicosgovbr/guia-de-servicos,04/28/15 09:53,04/27/15 16:42,04/27/15 16:42,04/27/15 16:42,04/27/15 16:42,04/27/15 16:42,04/27/15 16:42,04/28/15 09:53,1,1
218,Retirar telefone da ouvidoria do MEC,false,false,servicosgovbr/guia-de-servicos,04/28/15 09:53,04/27/15 16:35,04/27/15 16:35,04/27/15 16:35,04/27/15 16:35,04/27/15 16:35,04/27/15 16:35,04/28/15 09:53,1,1
217,"Modificar texto ""Este é um serviço...""",false,false,servicosgovbr/guia-de-servicos,04/28/15 11:00,04/27/15 15:56,04/27/15 15:56,04/27/15 15:56,04/27/15 15:56,04/27/15 15:56,04/27/15 15:56,04/28/15 11:00,1,1
216,Menu hamburguer para linhas da vida,false,false,servicosgovbr/guia-de-servicos,05/19/15 11:39,04/27/15 15:50,04/27/15 22:45,04/27/15 22:45,04/27/15 22:45,04/27/15 22:45,04/27/15 22:45,,1,
215,Modificar frase do destaque de feedback,false,false,servicosgovbr/guia-de-servicos,05/14/15 10:48,04/27/15 15:47,04/27/15 22:45,04/27/15 22:45,04/27/15 22:45,04/27/15 22:45,04/27/15 22:45,,1,
214,Revisar performance das maquinas virtuais,false,true,servicosgovbr/guia-de-servicos,05/06/15 19:10,04/27/15 15:36,04/27/15 15:36,04/27/15 15:36,04/27/15 15:36,04/27/15 15:36,04/27/15 15:36,05/06/15 19:10,1,9
213,Links pouco visíveis no corpo,false,false,servicosgovbr/guia-de-servicos,05/15/15 11:11,04/27/15 15:20,04/27/15 15:20,04/27/15 15:20,04/27/15 15:20,04/27/15 15:20,04/27/15 15:20,,1,
212,Ordenar VMs Vagrant,true,false,servicosgovbr/guia-de-servicos,04/28/15 13:44,04/27/15 14:58,04/27/15 14:58,04/27/15 14:58,04/27/15 14:58,04/27/15 14:58,04/27/15 14:58,04/28/15 13:44,1,1
211,SSH para máquinas Vagrant não funcionam como na documentação,true,false,servicosgovbr/guia-de-servicos,05/04/15 15:15,04/27/15 14:41,04/27/15 14:41,04/27/15 14:41,04/27/15 14:41,04/27/15 14:41,04/27/15 14:41,05/04/15 15:15,1,7
210,Agrupar configurações de monitoramento,false,true,servicosgovbr/guia-de-servicos,05/07/15 17:25,04/27/15 14:33,04/27/15 14:33,04/27/15 14:33,04/27/15 14:33,04/27/15 14:33,04/27/15 14:33,05/07/15 17:25,1,10
209,Link do formulário de feedback não deixa claro o que o usuário tem que fazer ,false,false,servicosgovbr/guia-de-servicos,05/01/15 12:41,04/27/15 12:20,04/27/15 12:20,04/27/15 12:20,04/27/15 12:20,04/27/15 12:20,04/27/15 12:20,,1,
208,Órgãos não estão retornando na busca,true,false,servicosgovbr/guia-de-servicos,05/07/15 17:38,04/27/15 12:04,04/27/15 12:04,04/27/15 12:04,04/27/15 12:04,04/27/15 12:04,04/27/15 12:04,04/28/15 02:43,1,1
207,"Remover link de ""Sobre o guia"" da página ""Mapa do Site""",true,false,servicosgovbr/guia-de-servicos,04/28/15 14:17,04/27/15 10:26,04/27/15 12:07,04/27/15 12:07,04/27/15 12:07,04/27/15 12:07,04/27/15 12:07,04/28/15 14:17,1,1
206,"Erro é exibido para o usuário ao tentar acessar a página ""Sobre o guia"" (remover opção do rodapé)",false,false,servicosgovbr/guia-de-servicos,04/24/15 18:44,04/24/15 18:39,04/24/15 18:44,04/24/15 18:44,04/24/15 18:44,04/24/15 18:44,04/24/15 18:44,04/24/15 18:44,1,1
205,O texto do campo busca está sendo exibido em branco (fundo também em branco) com alto contraste habilitado,true,false,servicosgovbr/guia-de-servicos,04/24/15 18:39,04/24/15 18:11,04/24/15 18:33,04/24/15 18:33,04/24/15 18:33,04/24/15 18:33,04/24/15 18:33,04/24/15 18:39,1,1
204,Alto Contraste não permanece habilitado entre as sessões/navegação,true,false,servicosgovbr/guia-de-servicos,04/30/15 12:56,04/24/15 17:59,04/24/15 18:00,04/24/15 18:00,04/24/15 18:00,04/24/15 18:00,04/24/15 18:00,04/30/15 12:56,1,6
203,Navegação por tab no Safari quebrada,true,false,servicosgovbr/guia-de-servicos,04/27/15 14:05,04/24/15 17:41,04/24/15 17:43,04/24/15 17:43,04/24/15 17:43,04/24/15 17:43,04/24/15 17:43,04/27/15 13:58,1,3
202,VoiceOver não lê campo de busca,true,false,servicosgovbr/guia-de-servicos,05/06/15 17:45,04/24/15 17:00,04/24/15 17:11,04/24/15 17:11,04/24/15 17:11,04/24/15 17:11,04/24/15 17:11,05/06/15 17:45,1,12
201,Elementos do rodapé não possuem texto alternativo,true,false,servicosgovbr/guia-de-servicos,04/28/15 14:17,04/24/15 16:48,04/24/15 16:48,04/24/15 16:48,04/24/15 16:48,04/24/15 16:48,04/24/15 16:48,04/28/15 14:17,1,4
200,Revisar site dentro das versões do Internet Explorer,false,false,servicosgovbr/guia-de-servicos,05/19/15 10:24,04/24/15 12:08,04/24/15 12:08,04/24/15 12:08,04/24/15 12:08,04/24/15 12:08,04/24/15 12:08,,1,
199,'Voltar para o topo' quebrando,true,false,servicosgovbr/guia-de-servicos,04/28/15 14:17,04/24/15 01:15,04/24/15 01:15,04/24/15 01:15,04/24/15 01:15,04/24/15 01:15,04/24/15 01:15,04/28/15 14:17,1,5
198,Formulário de feedback não está responsivo,true,false,servicosgovbr/guia-de-servicos,04/28/15 14:17,04/24/15 01:14,04/24/15 01:14,04/24/15 01:14,04/24/15 01:14,04/24/15 01:14,04/24/15 01:14,04/28/15 14:17,1,5
197,'Buscar' exibido com pouca margem,true,false,servicosgovbr/guia-de-servicos,04/28/15 14:17,04/24/15 01:11,04/24/15 01:11,04/24/15 01:11,04/24/15 01:11,04/24/15 01:11,04/24/15 01:11,04/28/15 14:17,1,5
196,Barra de acessibilidade quebrada,true,false,servicosgovbr/guia-de-servicos,04/28/15 14:17,04/24/15 01:06,04/24/15 01:06,04/24/15 01:06,04/24/15 01:06,04/24/15 01:06,04/24/15 01:06,04/28/15 14:17,1,5
195,Títulos com palavras grandes quebram layout,true,false,servicosgovbr/guia-de-servicos,04/28/15 14:17,04/24/15 01:05,04/24/15 01:05,04/24/15 01:05,04/24/15 01:05,04/24/15 01:05,04/24/15 01:05,04/28/15 14:17,1,5
194,Enviar feedbacks por email,false,false,servicosgovbr/guia-de-servicos,05/14/15 14:32,04/23/15 10:18,04/23/15 10:18,04/23/15 10:18,04/23/15 10:18,04/23/15 10:18,04/23/15 10:18,,1,
193,Botão expansível do menu não mostra o cursor: pointer,true,false,servicosgovbr/guia-de-servicos,04/27/15 14:30,04/22/15 11:32,04/22/15 11:32,04/22/15 11:32,04/22/15 11:32,04/22/15 11:32,04/22/15 11:32,04/27/15 14:30,1,5
192,Listas markdown não estilizadas,true,false,servicosgovbr/guia-de-servicos,04/27/15 13:54,04/21/15 03:04,04/21/15 03:04,04/21/15 03:04,04/21/15 03:04,04/21/15 03:04,04/21/15 03:04,04/27/15 13:54,1,6
191,"No cabeçalho, o item ""Ir para a busca #3"" não está funcionando",true,false,servicosgovbr/guia-de-servicos,04/27/15 13:45,04/20/15 16:36,04/20/15 16:36,04/20/15 16:36,04/20/15 16:36,04/20/15 16:36,04/20/15 16:36,04/27/15 13:45,1,7
190,Ajustes nas migalhas-de-pão,false,false,servicosgovbr/guia-de-servicos,05/14/15 09:50,04/20/15 16:33,04/20/15 16:33,04/20/15 16:33,04/20/15 16:33,04/20/15 16:33,04/20/15 16:33,,1,
189,Rodapé #footer-brasil não está correto em alto constraste,true,false,servicosgovbr/guia-de-servicos,04/21/15 02:47,04/20/15 16:31,04/20/15 16:31,04/20/15 16:31,04/20/15 16:31,04/20/15 16:31,04/20/15 16:31,04/21/15 02:47,1,1
188,"Em alto constraste, texto e ícone da linha da vida estão #fff e deveriam estar #000",true,false,servicosgovbr/guia-de-servicos,04/21/15 03:14,04/20/15 16:28,04/20/15 16:28,04/20/15 16:28,04/20/15 16:28,04/20/15 16:28,04/20/15 16:28,04/21/15 03:14,1,1
187,Trocar ícone de busca atual (verde) por ícone de busca do font-awesome,true,false,servicosgovbr/guia-de-servicos,04/21/15 03:14,04/20/15 15:38,04/20/15 15:38,04/20/15 15:38,04/20/15 15:38,04/20/15 15:38,04/20/15 15:38,04/21/15 03:14,1,1
186,Política de backup do ElasticSearch,false,false,servicosgovbr/guia-de-servicos,05/20/15 22:54,04/17/15 16:22,04/17/15 16:22,04/17/15 16:22,04/17/15 16:22,04/17/15 16:22,04/17/15 16:22,,1,
185,Mapear planilha de linhas da vida na importação,false,false,servicosgovbr/guia-de-servicos,05/14/15 10:23,04/17/15 15:42,04/17/15 15:42,04/17/15 15:42,04/17/15 15:42,04/17/15 15:42,04/17/15 15:42,,1,
184,vagrant-cachier não está funcionando,false,true,servicosgovbr/guia-de-servicos,05/01/15 12:42,04/17/15 14:15,04/17/15 14:15,04/17/15 14:15,04/17/15 14:15,04/17/15 14:15,04/17/15 14:15,,1,
183,CSS do site no gitbook,false,false,servicosgovbr/guia-de-servicos,04/28/15 12:12,04/15/15 14:06,04/28/15 12:12,04/28/15 12:12,04/28/15 12:12,04/28/15 12:12,04/28/15 12:12,,1,
182,Scripts de instalação em dev,false,false,servicosgovbr/guia-de-servicos,05/01/15 12:42,04/15/15 11:34,04/15/15 11:34,04/15/15 11:34,04/15/15 11:34,04/15/15 11:34,04/15/15 11:34,,1,
181,dev.servicos.gov.br,false,false,servicosgovbr/guia-de-servicos,04/27/15 15:06,04/14/15 15:44,04/14/15 15:44,04/14/15 15:44,04/14/15 15:44,04/14/15 15:44,04/14/15 15:44,04/27/15 15:06,1,13
180,Relacionar linhas da vida a ícones do Font-Awesome,false,false,servicosgovbr/guia-de-servicos,05/14/15 11:37,04/14/15 12:32,04/14/15 12:32,04/14/15 12:32,04/14/15 12:32,04/14/15 12:32,04/14/15 12:32,,1,
179,Roteiro e estrutura do teste de usabilidade,false,false,servicosgovbr/guia-de-servicos,05/01/15 12:42,04/14/15 12:07,04/14/15 12:07,04/14/15 12:07,04/14/15 12:07,04/14/15 12:07,04/14/15 12:07,,1,
178,Destaques continuam exibidos em 3 colunas,true,false,servicosgovbr/guia-de-servicos,04/28/15 14:17,04/13/15 15:31,04/13/15 15:31,04/13/15 15:31,04/13/15 15:31,04/13/15 15:31,04/13/15 15:31,04/28/15 14:17,1,15
177,Remover as opções Fale com o Governo e Sobre o Guia do menu,false,false,servicosgovbr/guia-de-servicos,05/14/15 09:52,04/13/15 10:14,04/13/15 10:15,04/13/15 10:15,04/13/15 10:15,04/13/15 10:15,04/13/15 10:15,,1,
176,"""x"" na mensagem de pedido de feedback não fecha a mensagem",true,false,servicosgovbr/guia-de-servicos,04/28/15 14:17,04/10/15 11:51,04/10/15 14:09,04/10/15 14:09,04/10/15 14:09,04/10/15 14:09,04/10/15 14:09,04/28/15 14:17,1,18
175,PDF da carta de serviços,false,false,servicosgovbr/guia-de-servicos,05/14/15 18:20,04/09/15 16:57,04/09/15 16:57,04/09/15 16:57,04/09/15 16:57,04/09/15 16:57,04/09/15 16:57,,1,
174,Importar serviços legados,false,false,servicosgovbr/guia-de-servicos,04/28/15 15:08,04/09/15 16:53,04/09/15 16:53,04/09/15 16:53,04/09/15 16:53,04/09/15 16:53,04/09/15 16:53,04/28/15 15:08,1,19
173,Importar XML do repositório novo,false,false,servicosgovbr/guia-de-servicos,04/09/15 16:51,04/09/15 16:51,04/09/15 16:51,04/09/15 16:51,04/09/15 16:51,04/09/15 16:51,04/09/15 16:51,,1,
172,Persistir feedback,false,false,servicosgovbr/guia-de-servicos,05/01/15 12:42,04/09/15 16:44,04/09/15 16:44,04/09/15 16:44,04/09/15 16:44,04/09/15 16:44,04/09/15 16:44,,1,
171,Piwik em ambiente de desenvolvimento,false,false,servicosgovbr/guia-de-servicos,05/20/15 14:31,04/09/15 14:44,04/09/15 17:51,04/09/15 17:51,04/09/15 17:51,04/09/15 17:51,04/09/15 17:51,,1,
170,"Erro ao fazer uma busca contendo ""/""",true,false,servicosgovbr/guia-de-servicos,04/28/15 14:17,04/08/15 10:52,04/08/15 10:52,04/08/15 10:52,04/08/15 10:52,04/08/15 10:52,04/08/15 10:52,04/28/15 14:17,1,20
169,Articular inclusão da descrição do órgão no SIORG,false,false,servicosgovbr/guia-de-servicos,05/14/15 18:20,04/07/15 15:31,04/14/15 10:12,04/14/15 10:12,04/14/15 10:12,04/14/15 10:12,04/14/15 10:12,,1,
168,Personalizar apresentação de destaques,false,false,servicosgovbr/guia-de-servicos,05/14/15 18:48,04/07/15 14:57,04/14/15 10:13,04/14/15 10:13,04/14/15 10:13,04/14/15 10:13,04/14/15 10:13,,1,
167,Ícones por Área de Interesse,false,false,servicosgovbr/guia-de-servicos,04/28/15 14:32,04/06/15 15:36,04/06/15 15:36,04/06/15 15:36,04/06/15 15:36,04/06/15 15:36,04/06/15 15:36,,1,
166,Criar Token e Site ID Piwik,false,false,servicosgovbr/guia-de-servicos,05/20/15 17:25,04/06/15 10:38,04/06/15 10:38,04/06/15 10:38,04/06/15 10:38,04/06/15 10:38,04/06/15 10:38,,1,
165,Cabeçalho e rodapé no tema branco,false,false,servicosgovbr/guia-de-servicos,05/15/15 14:53,03/31/15 14:27,03/31/15 14:27,03/31/15 14:27,03/31/15 14:27,03/31/15 14:27,03/31/15 14:27,,1,
164,Revisar documentação p/ R0,false,false,servicosgovbr/guia-de-servicos,05/14/15 09:57,03/31/15 11:06,03/31/15 11:06,03/31/15 11:06,03/31/15 11:06,03/31/15 11:06,03/31/15 11:06,,1,
163,Revisão de conteúdo,false,false,servicosgovbr/guia-de-servicos,04/15/15 11:48,03/31/15 10:48,03/31/15 10:48,03/31/15 10:48,03/31/15 10:48,03/31/15 10:48,03/31/15 10:48,04/15/15 11:47,1,15
162,Colapso no menu de navegação,false,false,servicosgovbr/guia-de-servicos,05/14/15 09:58,03/30/15 16:41,03/30/15 18:06,03/30/15 18:06,03/30/15 18:06,03/30/15 18:06,03/30/15 18:06,,1,
161,Alguns elementos da página não respeitam alto contraste,true,false,servicosgovbr/guia-de-servicos,04/28/15 14:17,03/30/15 16:10,03/30/15 16:10,03/30/15 16:10,03/30/15 16:10,03/30/15 16:10,03/30/15 16:10,04/28/15 14:17,1,29
160,"Exibir ""Informações Úteis""",false,false,servicosgovbr/guia-de-servicos,05/12/15 08:25,03/26/15 16:13,03/26/15 16:13,03/26/15 16:13,03/26/15 16:13,03/26/15 16:13,03/26/15 16:13,,1,
159,Analisar feedbacks sobre formulário único,false,false,servicosgovbr/guia-de-servicos,04/14/15 10:50,03/25/15 15:14,03/25/15 15:14,03/25/15 15:14,03/25/15 15:14,03/25/15 15:14,03/25/15 15:14,04/14/15 10:50,1,20
158,Aprimorar texto das Perguntas Frequentes,false,false,servicosgovbr/guia-de-servicos,05/14/15 18:48,03/24/15 16:25,03/24/15 16:25,03/24/15 16:25,03/24/15 16:25,03/24/15 16:25,03/24/15 16:25,,1,
157,Feedback de busca vazia,false,false,servicosgovbr/guia-de-servicos,05/14/15 11:05,03/24/15 16:17,03/24/15 16:17,03/24/15 16:17,03/24/15 16:17,03/24/15 16:17,03/24/15 16:17,,1,
156,Integração com o Buscador do governo,false,false,servicosgovbr/guia-de-servicos,05/14/15 18:49,03/24/15 16:12,03/24/15 16:12,03/24/15 16:12,03/24/15 16:12,03/24/15 16:12,03/24/15 16:12,,1,
155,Destaques escolhidos manualmente,false,false,servicosgovbr/guia-de-servicos,05/14/15 16:33,03/24/15 16:09,03/24/15 16:09,03/24/15 16:09,03/24/15 16:09,03/24/15 16:09,03/24/15 16:09,,1,
154,Destaques automáticos alimentados por Piwik/Google Analytics,false,false,servicosgovbr/guia-de-servicos,03/24/15 16:44,03/24/15 16:09,03/24/15 16:09,03/24/15 16:09,03/24/15 16:09,03/24/15 16:09,03/24/15 16:09,03/24/15 16:43,1,1
153,Destaque sazonal na página inicial,false,false,servicosgovbr/guia-de-servicos,05/14/15 18:49,03/24/15 16:07,03/24/15 16:07,03/24/15 16:07,03/24/15 16:07,03/24/15 16:07,03/24/15 16:07,,1,
152,[spike] Agregadores dinâmicos/genéricos,false,false,servicosgovbr/guia-de-servicos,05/15/15 14:54,03/24/15 15:59,03/24/15 15:59,03/24/15 15:59,03/24/15 15:59,03/24/15 15:59,03/24/15 15:59,05/14/15 18:57,1,51
151,"Órgão: remover destaques, ordem alfabética",false,false,servicosgovbr/guia-de-servicos,05/14/15 11:52,03/24/15 15:49,03/24/15 15:49,03/24/15 15:49,03/24/15 15:49,03/24/15 15:49,03/24/15 15:49,,1,
150,Aprimorar seleção de destaques,false,false,servicosgovbr/guia-de-servicos,05/15/15 14:53,03/24/15 15:40,03/24/15 15:40,03/24/15 15:40,03/24/15 15:40,03/24/15 15:40,03/24/15 15:40,,1,
149,Aprimorar página do órgão,false,false,servicosgovbr/guia-de-servicos,05/14/15 18:48,03/24/15 15:35,03/24/15 15:35,03/24/15 15:35,03/24/15 15:35,03/24/15 15:35,03/24/15 15:35,,1,
148,Paginação dos resultados de busca,false,false,servicosgovbr/guia-de-servicos,05/14/15 09:59,03/24/15 15:09,03/24/15 15:09,03/24/15 15:09,03/24/15 15:09,03/24/15 15:09,03/24/15 15:09,,1,
147,Contador de resultados de busca,false,false,servicosgovbr/guia-de-servicos,05/14/15 09:59,03/24/15 15:08,03/24/15 15:08,03/24/15 15:08,03/24/15 15:08,03/24/15 15:08,03/24/15 15:08,,1,
146,Aprimorar pedido de feedback,false,false,servicosgovbr/guia-de-servicos,05/14/15 11:07,03/24/15 15:00,03/24/15 15:00,03/24/15 15:00,03/24/15 15:00,03/24/15 15:00,03/24/15 15:00,,1,
145,Aprimorar seleção por público atendido,false,false,servicosgovbr/guia-de-servicos,05/14/15 18:58,03/24/15 14:59,03/24/15 14:59,03/24/15 14:59,03/24/15 14:59,03/24/15 14:59,03/24/15 14:59,,1,
144,Feedback complementar no topo da Início,false,false,servicosgovbr/guia-de-servicos,05/14/15 10:01,03/24/15 14:55,03/24/15 14:55,03/24/15 14:55,03/24/15 14:55,03/24/15 14:55,03/24/15 14:55,,1,
143,Navegação pela tecla tab,false,false,servicosgovbr/guia-de-servicos,05/20/15 14:51,03/24/15 14:47,03/24/15 14:47,03/24/15 14:47,03/24/15 14:47,03/24/15 14:47,03/24/15 14:47,,1,
142,Revisão do conteúdo,false,false,servicosgovbr/guia-de-servicos,05/14/15 14:47,03/24/15 14:45,03/24/15 14:45,03/24/15 14:45,03/24/15 14:45,03/24/15 14:45,03/24/15 14:45,,1,
141,"""Porte de armas"" aparece em ""Adolescentes""",false,false,servicosgovbr/guia-de-servicos,03/27/15 14:03,03/23/15 14:18,03/23/15 14:18,03/23/15 14:18,03/23/15 14:18,03/23/15 14:18,03/23/15 14:18,03/25/15 14:14,1,2
140,sitemap.xml,false,false,servicosgovbr/guia-de-servicos,05/19/15 11:22,03/20/15 14:27,03/20/15 14:29,03/20/15 14:29,03/20/15 14:29,03/20/15 14:29,03/20/15 14:29,,1,
139,Teste automatizado para links quebrados (retornam status 404),false,false,servicosgovbr/guia-de-servicos,03/24/15 16:45,03/20/15 14:25,03/20/15 14:33,03/20/15 14:33,03/20/15 14:33,03/20/15 14:33,03/20/15 14:33,03/20/15 14:33,1,1
138,Busca exibida incorretamente (browser modo mobile),true,false,servicosgovbr/guia-de-servicos,04/28/15 14:17,03/20/15 14:24,03/24/15 09:17,03/24/15 09:17,03/24/15 09:17,03/24/15 09:17,03/24/15 09:17,04/28/15 14:17,1,35
137,Guia de Linguagem,false,false,servicosgovbr/guia-de-servicos,05/21/15 14:33,03/20/15 12:05,03/20/15 12:05,03/20/15 12:05,03/20/15 12:05,03/20/15 12:05,03/20/15 12:05,,1,
136,Conteúdo no tema branco,false,false,servicosgovbr/guia-de-servicos,05/19/15 15:00,03/20/15 11:22,03/20/15 11:22,03/20/15 11:22,03/20/15 11:22,03/20/15 11:22,03/20/15 11:22,,1,
135,Corrigir informações do capacho,false,false,servicosgovbr/guia-de-servicos,05/12/15 08:26,03/19/15 11:38,03/19/15 11:38,03/19/15 11:38,03/19/15 11:38,03/19/15 11:38,03/19/15 11:38,,1,
134,Corrigindo o box-sizing da barra brasil,false,false,servicosgovbr/guia-de-servicos,03/19/15 11:17,03/19/15 08:47,03/19/15 08:47,03/19/15 08:47,03/19/15 08:47,03/19/15 08:47,03/19/15 08:47,03/19/15 11:17,1,1
133,Adicionando redirecionamento para o #130,false,false,servicosgovbr/guia-de-servicos,03/18/15 15:41,03/18/15 15:33,03/18/15 15:33,03/18/15 15:33,03/18/15 15:33,03/18/15 15:33,03/18/15 15:33,03/18/15 15:41,1,1
132,Levantamento de sites do governo que apontam para o guia de serviços atual,false,false,servicosgovbr/guia-de-servicos,05/16/15 00:27,03/18/15 15:27,03/18/15 15:31,03/18/15 15:31,03/18/15 15:31,03/18/15 15:31,03/18/15 15:31,,1,
131,Testes falhando por execuções de outros testes,false,true,servicosgovbr/guia-de-servicos,05/12/15 08:26,03/18/15 15:20,03/18/15 15:23,03/18/15 15:23,03/18/15 15:23,03/18/15 15:23,03/18/15 15:23,,1,
130,Compatibilidade de URLs de busca,false,false,servicosgovbr/guia-de-servicos,03/18/15 17:20,03/18/15 14:53,03/18/15 14:53,03/18/15 14:53,03/18/15 14:53,03/18/15 14:53,03/18/15 14:53,,1,
129,Serviços relacionados,false,false,servicosgovbr/guia-de-servicos,05/14/15 18:23,03/18/15 14:31,03/18/15 14:31,03/18/15 14:31,03/18/15 14:31,03/18/15 14:31,03/18/15 14:31,,1,
128,Formulário mínimo para inserção de dados de serviço,false,false,servicosgovbr/guia-de-servicos,05/12/15 08:26,03/17/15 18:10,03/17/15 18:10,03/17/15 18:10,03/17/15 18:10,03/17/15 18:10,03/17/15 18:10,,1,
127,Retirada do atributo async da barra brasil,false,false,servicosgovbr/guia-de-servicos,03/17/15 15:56,03/17/15 15:43,03/17/15 15:43,03/17/15 15:43,03/17/15 15:43,03/17/15 15:43,03/17/15 15:43,03/17/15 15:56,1,1
126,Fix para #124 e #125,false,false,servicosgovbr/guia-de-servicos,03/17/15 13:54,03/17/15 11:30,03/17/15 11:30,03/17/15 11:30,03/17/15 11:30,03/17/15 11:30,03/17/15 11:30,03/17/15 13:54,1,1
125,Quebra de leiaute do formulário de feedback ao utilizar em um dispositivo móvel,true,false,servicosgovbr/guia-de-servicos,04/28/15 14:17,03/17/15 10:43,03/17/15 10:43,03/17/15 10:43,03/17/15 10:43,03/17/15 10:43,03/17/15 10:43,04/28/15 14:17,1,42
124,Padronização do rodapé,true,false,servicosgovbr/guia-de-servicos,04/28/15 14:17,03/16/15 17:21,03/16/15 17:21,03/16/15 17:21,03/16/15 17:21,03/16/15 17:21,03/16/15 17:21,04/28/15 14:17,1,43
123,Checar links quebrados,false,false,servicosgovbr/guia-de-servicos,05/15/15 14:54,03/16/15 15:54,03/16/15 15:55,03/16/15 15:55,03/16/15 15:55,03/16/15 15:55,03/16/15 15:55,05/12/15 08:42,1,57
122,Fix para #121,false,false,servicosgovbr/guia-de-servicos,03/16/15 10:34,03/16/15 10:27,03/16/15 10:27,03/16/15 10:27,03/16/15 10:27,03/16/15 10:27,03/16/15 10:27,03/16/15 10:34,1,1
121,Barra Brasil deslocada em dispositivos móveis,true,false,servicosgovbr/guia-de-servicos,04/28/15 14:17,03/15/15 09:54,03/15/15 09:54,03/15/15 09:54,03/15/15 09:54,03/15/15 09:54,03/15/15 09:54,04/28/15 14:17,1,44
120,Mapear nomes de órgãos para strings conhecidas DIET,false,false,servicosgovbr/guia-de-servicos,05/18/15 09:43,03/14/15 00:58,03/14/15 00:58,03/14/15 00:58,03/14/15 00:58,03/14/15 00:58,03/14/15 00:58,,1,
119,Montar a página do Guia de Estilos,false,false,servicosgovbr/guia-de-servicos,05/19/15 14:42,03/13/15 16:47,03/13/15 16:51,03/13/15 16:51,03/13/15 16:51,03/13/15 16:51,03/13/15 16:51,,1,
118,Mudando a posição da barra-brasil #114,false,false,servicosgovbr/guia-de-servicos,03/13/15 16:37,03/13/15 10:00,03/13/15 10:00,03/13/15 10:00,03/13/15 10:00,03/13/15 10:00,03/13/15 10:00,03/13/15 16:37,1,1
117,Redirecionar para órgão ao vir da barra brasil,false,false,servicosgovbr/guia-de-servicos,03/19/15 20:55,03/12/15 22:09,03/12/15 22:09,03/12/15 22:09,03/12/15 22:09,03/12/15 22:09,03/12/15 22:09,03/19/15 20:55,1,7
116,Busca exibida incorretamente [Samsung],true,false,servicosgovbr/guia-de-servicos,04/28/15 14:17,03/12/15 22:01,03/12/15 22:01,03/12/15 22:01,03/12/15 22:01,03/12/15 22:01,03/12/15 22:01,04/28/15 14:17,1,47
115,Visibilidade para requisitos transversais,false,false,servicosgovbr/guia-de-servicos,05/19/15 14:00,03/12/15 22:00,03/12/15 22:00,03/12/15 22:00,03/12/15 22:00,03/12/15 22:00,03/12/15 22:00,,1,
114,Revisar acessibilidade,false,false,servicosgovbr/guia-de-servicos,03/13/15 17:54,03/12/15 21:57,03/12/15 21:57,03/12/15 21:57,03/12/15 21:57,03/12/15 21:57,03/12/15 21:57,,1,
113,Limpar duplicação de itens das linhas da vida,false,false,servicosgovbr/guia-de-servicos,05/14/15 10:06,03/12/15 21:54,03/12/15 21:54,03/12/15 21:54,03/12/15 21:54,03/12/15 21:54,03/12/15 21:54,,1,
112,"Informações da página ""Contato"" mais convenientes",false,false,servicosgovbr/guia-de-servicos,05/14/15 10:24,03/12/15 21:50,03/12/15 21:50,03/12/15 21:50,03/12/15 21:50,03/12/15 21:50,03/12/15 21:50,,1,
111,Informações sobre conta,false,false,servicosgovbr/guia-de-servicos,05/14/15 10:25,03/12/15 21:46,03/12/15 21:47,03/12/15 21:47,03/12/15 21:47,03/12/15 21:47,03/12/15 21:47,,1,
110,Link p/ versão antiga,false,false,servicosgovbr/guia-de-servicos,05/14/15 10:07,03/12/15 21:45,03/12/15 21:46,03/12/15 21:46,03/12/15 21:46,03/12/15 21:46,03/12/15 21:46,,1,
109,Busca avançada / filtros,false,false,servicosgovbr/guia-de-servicos,05/14/15 18:19,03/12/15 21:44,03/12/15 21:50,03/12/15 21:50,03/12/15 21:50,03/12/15 21:50,03/12/15 21:50,,1,
108,Bloco de menu contextual,false,false,servicosgovbr/guia-de-servicos,05/14/15 10:28,03/12/15 21:42,03/12/15 21:49,03/12/15 21:49,03/12/15 21:49,03/12/15 21:49,03/12/15 21:49,,1,
107,Listar serviços por público-alvo,false,false,servicosgovbr/guia-de-servicos,05/14/15 10:40,03/12/15 21:41,03/12/15 21:49,03/12/15 21:49,03/12/15 21:49,03/12/15 21:49,03/12/15 21:49,,1,
106,Lista de órgãos A-Z,false,false,servicosgovbr/guia-de-servicos,05/14/15 10:06,03/12/15 21:41,03/12/15 21:47,03/12/15 21:47,03/12/15 21:47,03/12/15 21:47,03/12/15 21:47,,1,
105,Listar serviços por área de interesse (VCGE),false,false,servicosgovbr/guia-de-servicos,04/28/15 14:32,03/12/15 21:40,03/12/15 21:51,03/12/15 21:51,03/12/15 21:51,03/12/15 21:51,03/12/15 21:51,,1,
104,Listar serviços em ordem A-Z,false,false,servicosgovbr/guia-de-servicos,05/14/15 10:06,03/12/15 21:40,03/12/15 21:48,03/12/15 21:48,03/12/15 21:48,03/12/15 21:48,03/12/15 21:48,,1,
103,Revisar imagem p/ OGP,false,false,servicosgovbr/guia-de-servicos,05/18/15 11:30,03/12/15 18:42,03/12/15 18:42,03/12/15 18:42,03/12/15 18:42,03/12/15 18:42,03/12/15 18:42,,1,
102,Adicionando microdata e corrigindo scss #99,false,false,servicosgovbr/guia-de-servicos,03/12/15 21:31,03/12/15 17:08,03/12/15 17:08,03/12/15 17:08,03/12/15 17:08,03/12/15 17:08,03/12/15 17:08,03/12/15 17:36,1,1
101,Adicionando dados do GovernmentOrganization para a página de serviços por órgão #80 #94,false,false,servicosgovbr/guia-de-servicos,03/12/15 21:31,03/12/15 14:08,03/12/15 14:08,03/12/15 14:08,03/12/15 14:08,03/12/15 14:08,03/12/15 14:08,03/12/15 14:22,1,1
100,Adicionar Piwik / Google Analytics,false,false,servicosgovbr/guia-de-servicos,05/12/15 08:25,03/12/15 12:50,03/12/15 12:50,03/12/15 12:50,03/12/15 12:50,03/12/15 12:50,03/12/15 12:50,,1,
99,Adicionar Google Sitelinks Searchbox,false,false,servicosgovbr/guia-de-servicos,03/24/15 17:51,03/12/15 12:47,03/12/15 12:47,03/12/15 12:47,03/12/15 12:47,03/12/15 12:47,03/12/15 12:47,,1,
98,Adicionar Google Breadcrumbs,false,false,servicosgovbr/guia-de-servicos,05/12/15 08:26,03/12/15 12:46,03/12/15 12:46,03/12/15 12:46,03/12/15 12:46,03/12/15 12:46,03/12/15 12:46,,1,
97,Revisão SEO ,false,false,servicosgovbr/guia-de-servicos,05/19/15 11:57,03/12/15 11:37,03/12/15 11:37,03/12/15 11:37,03/12/15 11:37,03/12/15 11:37,03/12/15 11:37,,1,
96,"Revisar texto ""Sobre o Guia""",false,false,servicosgovbr/guia-de-servicos,05/14/15 10:23,03/12/15 11:00,03/12/15 11:00,03/12/15 11:00,03/12/15 11:00,03/12/15 11:00,03/12/15 11:00,,1,
95,"Página ""Fale com o Governo""",false,false,servicosgovbr/guia-de-servicos,03/12/15 21:11,03/12/15 10:11,03/12/15 10:15,03/12/15 10:15,03/12/15 10:15,03/12/15 10:15,03/12/15 10:15,03/12/15 19:27,1,1
94,Métricas sendo salvas de forma incorreta ao adicionar carga à aplicação,true,false,servicosgovbr/guia-de-servicos,03/20/15 19:37,03/11/15 17:13,03/11/15 17:13,03/11/15 17:13,03/11/15 17:13,03/11/15 17:13,03/11/15 17:13,03/20/15 19:37,1,9
93,Padronizando o type retornado para a sugestão opensearch #65,false,false,servicosgovbr/guia-de-servicos,03/12/15 21:31,03/11/15 16:08,03/11/15 16:08,03/11/15 16:08,03/11/15 16:08,03/11/15 16:08,03/11/15 16:08,03/12/15 09:16,1,1
92,Revisão do grid,false,false,servicosgovbr/guia-de-servicos,05/14/15 10:10,03/09/15 17:00,03/09/15 18:34,03/09/15 18:34,03/09/15 18:34,03/09/15 18:34,03/09/15 18:34,,1,
91,Adicionando tips para uma instalação/desenvolvimento mais suave,false,false,servicosgovbr/guia-de-servicos,03/12/15 21:31,03/09/15 09:50,03/09/15 09:50,03/09/15 09:50,03/09/15 09:50,03/09/15 09:50,03/09/15 09:50,03/09/15 10:43,1,1
90,Adicionando sugestões para opensearch,false,false,servicosgovbr/guia-de-servicos,03/09/15 09:21,03/09/15 09:12,03/09/15 09:12,03/09/15 09:12,03/09/15 09:12,03/09/15 09:12,03/09/15 09:12,03/09/15 09:21,1,1
89,Adicionar URLs para crawler,false,false,servicosgovbr/guia-de-servicos,05/19/15 10:32,03/06/15 16:29,03/06/15 16:29,03/06/15 16:29,03/06/15 16:29,03/06/15 16:29,03/06/15 16:29,,1,
88,Estudar o item 'Modelo de apresentação visual' da TR e definir próximos passos deste subproduto,false,false,servicosgovbr/guia-de-servicos,03/17/15 18:09,03/06/15 14:42,03/06/15 14:42,03/06/15 14:42,03/06/15 14:42,03/06/15 14:42,03/06/15 14:42,03/17/15 18:08,1,11
87,Migrar CSS para SASS,false,false,servicosgovbr/guia-de-servicos,05/12/15 08:26,03/04/15 15:20,03/04/15 15:20,03/04/15 15:20,03/04/15 15:20,03/04/15 15:20,03/04/15 15:20,,1,
86,Busca fonética para o Elastic Search,false,false,servicosgovbr/guia-de-servicos,05/14/15 18:58,03/03/15 17:35,03/03/15 17:35,03/03/15 17:35,03/03/15 17:35,03/03/15 17:35,03/03/15 17:35,,1,
85,"Foco do cursor deve estar em ""Ir para o conteúdo [1]"" e não na busca. ",true,false,servicosgovbr/guia-de-servicos,03/04/15 10:32,03/03/15 13:50,03/03/15 13:50,03/03/15 13:50,03/03/15 13:50,03/03/15 13:50,03/03/15 13:50,03/04/15 10:32,1,1
84,Mapear Área de Interesse no VCGE,false,false,servicosgovbr/guia-de-servicos,05/14/15 18:20,03/02/15 18:22,03/02/15 18:22,03/02/15 18:22,03/02/15 18:22,03/02/15 18:22,03/02/15 18:22,,1,
83,Limitar acesso a URLs sensíveis,false,true,servicosgovbr/guia-de-servicos,05/12/15 08:26,03/02/15 16:31,03/02/15 16:45,03/02/15 16:45,03/02/15 16:45,03/02/15 16:45,03/02/15 16:45,,1,
82,Aplicar tema à página de serviço,false,false,servicosgovbr/guia-de-servicos,05/15/15 15:24,03/01/15 15:34,03/02/15 16:46,03/02/15 16:46,03/02/15 16:46,03/02/15 16:46,03/02/15 16:46,,1,
81,Gerar tickets para cada request,false,false,servicosgovbr/guia-de-servicos,03/24/15 17:53,02/28/15 21:55,02/28/15 23:08,02/28/15 23:08,02/28/15 23:08,02/28/15 23:08,02/28/15 23:08,,1,
80,Página para Órgão,false,false,servicosgovbr/guia-de-servicos,05/15/15 14:55,02/27/15 11:05,02/27/15 18:08,02/27/15 18:08,02/27/15 18:08,02/27/15 18:08,02/27/15 18:08,,1,
79,Página para Linha da Vida,false,false,servicosgovbr/guia-de-servicos,05/14/15 10:11,02/27/15 11:02,02/27/15 11:02,02/27/15 11:02,02/27/15 11:02,02/27/15 11:02,02/27/15 11:02,,1,
78,Estudo sobre portais de serviços de outros governos,false,false,servicosgovbr/guia-de-servicos,04/30/15 20:05,02/26/15 18:12,02/26/15 18:12,02/26/15 18:12,02/26/15 18:12,02/26/15 18:12,02/26/15 18:12,04/30/15 20:05,1,63
77,Plano de Inserção,false,false,servicosgovbr/guia-de-servicos,03/30/15 19:11,02/26/15 15:51,02/26/15 15:51,02/26/15 15:51,02/26/15 15:51,02/26/15 15:51,02/26/15 15:51,03/30/15 19:11,1,32
76,Plano de Iterações pelo Método Ágil,false,false,servicosgovbr/guia-de-servicos,02/26/15 10:42,02/26/15 10:40,02/26/15 10:40,02/26/15 10:40,02/26/15 10:40,02/26/15 10:40,02/26/15 10:40,02/26/15 10:42,1,1
75,Mapa de release,false,false,servicosgovbr/guia-de-servicos,03/30/15 19:10,02/26/15 09:47,02/26/15 09:48,02/26/15 09:48,02/26/15 09:48,02/26/15 09:48,02/26/15 09:48,03/30/15 19:10,1,32
74,Mapa de atores do sistema (contém Plano de Comunicações),false,false,servicosgovbr/guia-de-servicos,04/30/15 20:05,02/26/15 09:44,02/26/15 09:44,02/26/15 09:44,02/26/15 09:44,02/26/15 09:44,02/26/15 09:44,04/30/15 20:05,1,63
73,Plano de Iterações,false,false,servicosgovbr/guia-de-servicos,04/30/15 20:05,02/26/15 09:42,02/26/15 09:44,02/26/15 09:44,02/26/15 09:44,02/26/15 09:44,02/26/15 09:44,04/30/15 20:05,1,63
72,Plano de Riscos,false,false,servicosgovbr/guia-de-servicos,03/30/15 19:10,02/26/15 09:41,02/26/15 09:41,02/26/15 09:41,02/26/15 09:41,02/26/15 09:41,02/26/15 09:41,03/30/15 19:10,1,32
71,Separar testes de integração dos testes unitários,false,true,servicosgovbr/guia-de-servicos,03/11/15 11:45,02/25/15 15:44,02/25/15 15:44,02/25/15 15:44,02/25/15 15:44,02/25/15 15:44,02/25/15 15:44,03/05/15 18:52,1,8
70,URLs com slugs,false,false,servicosgovbr/guia-de-servicos,05/15/15 14:54,02/25/15 04:42,02/25/15 16:24,02/25/15 16:24,02/25/15 16:24,02/25/15 16:24,02/25/15 16:24,,1,
69,Empacotar artefatos,false,false,servicosgovbr/guia-de-servicos,05/12/15 08:25,02/25/15 03:56,03/02/15 17:50,03/02/15 17:50,03/02/15 17:50,03/02/15 17:50,03/02/15 17:50,,1,
68,Exibir métricas para cada página,false,false,servicosgovbr/guia-de-servicos,05/15/15 14:51,02/25/15 03:54,03/09/15 16:21,03/09/15 16:21,03/09/15 16:21,03/09/15 16:21,03/09/15 16:21,,1,
67,Migalhas-de-pão não oferecem contexto,false,false,servicosgovbr/guia-de-servicos,05/14/15 11:25,02/25/15 03:52,02/25/15 03:52,02/25/15 03:52,02/25/15 03:52,02/25/15 03:52,02/25/15 03:52,,1,
66,Adicionar imagens para linhas da vida,false,false,servicosgovbr/guia-de-servicos,03/12/15 21:31,02/25/15 03:51,02/25/15 03:51,02/25/15 03:51,02/25/15 03:51,02/25/15 03:51,02/25/15 03:51,03/09/15 11:25,1,12
65,Adicionar sugestões para o OpenSearch,false,false,servicosgovbr/guia-de-servicos,03/09/15 15:26,02/23/15 17:28,02/23/15 17:35,02/23/15 17:35,02/23/15 17:35,02/23/15 17:35,02/23/15 17:35,03/09/15 09:21,1,14
64,Ícone do Guia para iOS e OpenSearch,false,false,servicosgovbr/guia-de-servicos,05/18/15 14:09,02/23/15 17:19,02/23/15 17:22,02/23/15 17:22,02/23/15 17:22,02/23/15 17:22,02/23/15 17:22,,1,
63,Configurando opensearch,false,false,servicosgovbr/guia-de-servicos,03/02/15 17:12,02/23/15 10:28,02/23/15 12:15,02/23/15 12:15,02/23/15 12:15,02/23/15 12:15,02/23/15 12:15,02/23/15 15:59,1,1
62,Adicionar OpenSearch,false,false,servicosgovbr/guia-de-servicos,03/09/15 15:19,02/21/15 18:38,02/23/15 10:25,02/23/15 10:25,02/23/15 10:25,02/23/15 10:25,02/23/15 10:25,02/23/15 17:23,1,1
61,Incorporar tema oficial,false,false,servicosgovbr/guia-de-servicos,03/09/15 15:17,02/21/15 00:06,02/21/15 00:06,02/21/15 00:06,02/21/15 00:06,02/21/15 00:06,02/21/15 00:06,02/23/15 19:32,1,3
60,Adicionar link para busca de serviços por órgão,false,false,servicosgovbr/guia-de-servicos,05/15/15 14:55,02/20/15 02:19,02/20/15 02:40,02/20/15 02:40,02/20/15 02:40,02/20/15 02:40,02/20/15 02:40,,1,
59,Adicionar ferramental para compilar SASS/SCSS -> CSS,false,false,servicosgovbr/guia-de-servicos,05/12/15 08:26,02/19/15 16:28,02/23/15 08:47,02/23/15 08:47,02/23/15 08:47,02/23/15 08:47,02/23/15 08:47,,1,
58,Analisar Eventos das Linhas da Vida,false,false,servicosgovbr/guia-de-servicos,03/12/15 09:21,02/19/15 15:05,02/19/15 15:06,02/19/15 15:06,02/19/15 15:06,02/19/15 15:06,02/19/15 15:06,03/12/15 09:21,1,21
57,Analisar Áreas de Interesse,false,false,servicosgovbr/guia-de-servicos,03/12/15 09:18,02/19/15 12:37,02/19/15 14:17,02/19/15 14:17,02/19/15 14:17,02/19/15 14:17,02/19/15 14:17,03/12/15 09:18,1,21
56,Exibir canais de prestação de serviço,false,false,servicosgovbr/guia-de-servicos,05/12/15 08:25,02/17/15 02:24,03/02/15 16:46,03/02/15 16:46,03/02/15 16:46,03/02/15 16:46,03/02/15 16:46,,1,
55,Aprimorar Linhas da Vida,false,false,servicosgovbr/guia-de-servicos,03/16/15 11:12,02/17/15 02:11,02/19/15 13:03,02/19/15 13:03,02/19/15 13:03,02/19/15 13:03,02/19/15 13:03,03/13/15 23:24,1,22
54,Mapear nomes de órgãos para strings conhecidas,false,false,servicosgovbr/guia-de-servicos,05/15/15 14:52,02/17/15 02:04,02/19/15 12:33,02/19/15 12:33,02/19/15 12:33,02/19/15 12:33,02/19/15 12:33,,1,
53,Importar URL para agendamento,false,false,servicosgovbr/guia-de-servicos,05/15/15 16:06,02/17/15 01:47,03/02/15 11:21,03/02/15 11:21,03/02/15 11:21,03/02/15 11:21,03/02/15 11:21,,1,
52,Revisar texto da página de acessibilidade,false,false,servicosgovbr/guia-de-servicos,05/14/15 10:23,02/16/15 06:11,03/02/15 22:23,03/02/15 22:23,03/02/15 22:23,03/02/15 22:23,03/02/15 22:23,,1,
51,Adicionar texto ao Mapa do Site,false,false,servicosgovbr/guia-de-servicos,05/15/15 16:38,02/16/15 06:11,03/02/15 22:38,03/02/15 22:38,03/02/15 22:38,03/02/15 22:38,03/02/15 22:38,,1,
50,Adicionar texto à pagina de Perguntas Frequentes,false,false,servicosgovbr/guia-de-servicos,05/14/15 10:26,02/16/15 06:09,03/09/15 16:14,03/09/15 16:14,03/09/15 16:14,03/09/15 16:14,03/09/15 16:14,,1,
49,Adicionar robots.txt,false,false,servicosgovbr/guia-de-servicos,02/16/15 06:08,02/13/15 23:12,02/16/15 06:08,02/16/15 06:08,02/16/15 06:08,02/16/15 06:08,02/16/15 06:08,02/16/15 06:08,1,1
48,Revisar texto da página de erro,false,false,servicosgovbr/guia-de-servicos,03/02/15 17:11,02/13/15 23:11,03/02/15 15:42,03/02/15 15:42,03/02/15 15:42,03/02/15 15:42,03/02/15 15:42,03/02/15 16:11,1,1
47,Criar mapping para /error,false,false,servicosgovbr/guia-de-servicos,02/13/15 23:10,02/13/15 09:33,02/13/15 09:33,02/13/15 09:33,02/13/15 09:33,02/13/15 09:33,02/13/15 09:33,02/13/15 23:10,1,1
46,Tentando ficar mais próximo das recomendações do IDG - #23,false,false,servicosgovbr/guia-de-servicos,02/12/15 14:01,02/12/15 11:58,02/12/15 14:00,02/12/15 14:00,02/12/15 14:00,02/12/15 14:00,02/12/15 14:00,02/12/15 14:00,1,1
45,Update autores.md,false,false,servicosgovbr/guia-de-servicos,02/12/15 12:27,02/12/15 11:34,02/12/15 12:27,02/12/15 12:27,02/12/15 12:27,02/12/15 12:27,02/12/15 12:27,02/12/15 12:27,1,1
44,Exibir nível de maturidade do serviço,false,false,servicosgovbr/guia-de-servicos,05/15/15 14:51,02/11/15 10:25,03/09/15 16:20,03/09/15 16:20,03/09/15 16:20,03/09/15 16:20,03/09/15 16:20,,1,
43,Relatório de buscas sem sucesso,false,false,servicosgovbr/guia-de-servicos,05/15/15 14:51,02/11/15 09:30,02/11/15 10:02,02/11/15 10:02,02/11/15 10:02,02/11/15 10:02,02/11/15 10:02,,1,
42,Órgãos disponíveis / serviços por órgão,false,false,servicosgovbr/guia-de-servicos,05/15/15 14:54,02/10/15 15:04,02/11/15 10:02,02/11/15 10:02,02/11/15 10:02,02/11/15 10:02,02/11/15 10:02,,1,
41,Pedir feedback dos usuários,false,false,servicosgovbr/guia-de-servicos,05/14/15 10:22,02/10/15 14:17,02/11/15 10:02,02/11/15 10:02,02/11/15 10:02,02/11/15 10:02,02/11/15 10:02,,1,
40,Exibir última atualização no serviço,false,false,servicosgovbr/guia-de-servicos,03/12/15 21:34,02/10/15 12:57,02/11/15 10:02,02/11/15 10:02,02/11/15 10:02,02/11/15 10:02,02/11/15 10:02,,1,
39,Cobertura de código reportada incorretamente (lombok),false,true,servicosgovbr/guia-de-servicos,03/05/15 13:55,02/10/15 10:37,02/10/15 12:58,02/10/15 12:58,02/10/15 12:58,02/10/15 12:58,02/10/15 12:58,,1,
38,Cobertura de código reportada incorretamente (xjc),false,true,servicosgovbr/guia-de-servicos,02/10/15 13:39,02/10/15 10:36,02/10/15 12:58,02/10/15 12:58,02/10/15 12:58,02/10/15 12:58,02/10/15 12:58,02/10/15 13:39,1,1
37,Exibir serviços similares,false,false,servicosgovbr/guia-de-servicos,02/08/15 01:17,02/08/15 01:06,02/08/15 01:09,02/08/15 01:09,02/08/15 01:09,02/08/15 01:09,02/08/15 01:09,02/08/15 01:17,1,1
36,Nomes de serviços muito grandes quebram o layout,false,false,servicosgovbr/guia-de-servicos,02/09/15 11:33,02/07/15 16:22,02/09/15 11:26,02/09/15 11:26,02/09/15 11:26,02/09/15 11:26,02/09/15 11:26,02/09/15 11:28,1,1
35,Margem ao topo da caixa de busca incorreta,false,false,servicosgovbr/guia-de-servicos,02/07/15 16:19,02/07/15 16:19,02/07/15 16:19,02/07/15 16:19,02/07/15 16:19,02/07/15 16:19,02/07/15 16:19,02/07/15 16:19,1,1
34,"Link ""Acessibilidade"" leva ao Portal Brasil",false,false,servicosgovbr/guia-de-servicos,02/07/15 14:53,02/07/15 14:46,02/07/15 14:53,02/07/15 14:53,02/07/15 14:53,02/07/15 14:53,02/07/15 14:53,02/07/15 14:53,1,1
33,Links de acessibilidade quebrados,false,false,servicosgovbr/guia-de-servicos,02/07/15 16:11,02/07/15 13:58,02/07/15 13:58,02/07/15 13:58,02/07/15 13:58,02/07/15 13:58,02/07/15 13:58,02/07/15 16:11,1,1
32,"O link ""Perguntas frequentes"" leva para o Portal Brasil",true,false,servicosgovbr/guia-de-servicos,02/07/15 13:50,02/07/15 11:34,02/07/15 11:34,02/07/15 11:34,02/07/15 11:34,02/07/15 11:34,02/07/15 11:34,02/07/15 13:50,1,1
31,Deployment do Alpha,false,false,servicosgovbr/guia-de-servicos,02/07/15 15:57,02/06/15 22:00,02/06/15 22:00,02/06/15 22:00,02/06/15 22:00,02/06/15 22:00,02/06/15 22:00,02/07/15 15:57,1,1
30,Coletar métricas,false,false,servicosgovbr/guia-de-servicos,02/05/15 23:03,02/05/15 17:59,02/05/15 17:59,02/05/15 17:59,02/05/15 17:59,02/05/15 17:59,02/05/15 17:59,02/05/15 22:53,1,1
29,"Corrigir Link ""Guia do Desenvolvedor"" no Readme",false,false,servicosgovbr/guia-de-servicos,02/04/15 16:07,02/04/15 16:03,02/04/15 16:07,02/04/15 16:07,02/04/15 16:07,02/04/15 16:07,02/04/15 16:07,02/04/15 16:07,1,1
28,Mover projeto para o Github do servicosgovbr,false,false,servicosgovbr/guia-de-servicos,02/04/15 13:05,02/04/15 13:05,02/04/15 13:05,02/04/15 13:05,02/04/15 13:05,02/04/15 13:05,02/04/15 13:05,02/04/15 13:05,1,1
27,Definição de KPIs,false,false,servicosgovbr/guia-de-servicos,02/07/15 16:16,02/03/15 19:10,02/03/15 19:10,02/03/15 19:10,02/03/15 19:10,02/03/15 19:10,02/03/15 19:10,02/07/15 16:16,1,4
26,corrige erro de digitação na documentação,false,false,servicosgovbr/guia-de-servicos,02/03/15 18:11,02/03/15 17:36,02/03/15 17:39,02/03/15 17:39,02/03/15 17:39,02/03/15 17:39,02/03/15 17:39,02/03/15 17:39,1,1
25,Coletar métricas de acesso,false,false,servicosgovbr/guia-de-servicos,02/11/15 10:03,02/03/15 15:56,02/06/15 12:09,02/06/15 12:09,02/06/15 12:09,02/06/15 12:09,02/06/15 12:09,02/11/15 10:03,1,5
24,Mostar um serviço,false,false,servicosgovbr/guia-de-servicos,02/05/15 23:03,02/03/15 15:54,02/03/15 15:54,02/03/15 15:54,02/03/15 15:54,02/03/15 15:54,02/03/15 15:54,02/05/15 23:03,1,2
23,Melhorar exibição dos resultados da busca,false,false,servicosgovbr/guia-de-servicos,05/14/15 18:32,02/03/15 15:53,02/03/15 15:53,02/03/15 15:53,02/03/15 15:53,02/03/15 15:53,02/03/15 15:53,,1,
22,Fazer uma busca simples,false,false,servicosgovbr/guia-de-servicos,02/05/15 23:03,02/03/15 15:52,02/04/15 13:57,02/04/15 13:57,02/04/15 13:57,02/04/15 13:57,02/04/15 13:57,02/05/15 23:03,1,1
21,Indexar guia atual,false,false,servicosgovbr/guia-de-servicos,02/04/15 01:53,02/03/15 15:50,02/03/15 15:58,02/03/15 15:58,02/03/15 15:58,02/03/15 15:58,02/03/15 15:58,02/04/15 01:53,1,1
20,Importar (partes) do tema gov.br,false,false,servicosgovbr/guia-de-servicos,02/03/15 15:36,02/03/15 15:31,02/03/15 15:36,02/03/15 15:36,02/03/15 15:36,02/03/15 15:36,02/03/15 15:36,02/03/15 15:36,1,1
19,Tratamento de infos da semana 1 e 2,false,false,servicosgovbr/guia-de-servicos,03/02/15 17:13,02/03/15 13:20,02/03/15 13:20,02/03/15 13:20,02/03/15 13:20,02/03/15 13:20,02/03/15 13:20,02/25/15 18:18,1,22
18,alterando link da documentação para o readthedocs,false,false,servicosgovbr/guia-de-servicos,02/02/15 23:05,02/02/15 23:02,02/02/15 23:05,02/02/15 23:05,02/02/15 23:05,02/02/15 23:05,02/02/15 23:05,02/02/15 23:05,1,1
17,minor / revisao da documentacao,false,false,servicosgovbr/guia-de-servicos,02/02/15 22:04,02/02/15 21:46,02/02/15 22:01,02/02/15 22:01,02/02/15 22:01,02/02/15 22:01,02/02/15 22:01,02/02/15 22:02,1,1
16,Adiciona README.md com alguns links para a documentação - resolve #14,false,false,servicosgovbr/guia-de-servicos,02/02/15 21:03,02/02/15 21:03,02/02/15 21:03,02/02/15 21:03,02/02/15 21:03,02/02/15 21:03,02/02/15 21:03,02/02/15 21:03,1,1
15,#14 Adicionando README com algumas informações,false,false,servicosgovbr/guia-de-servicos,02/02/15 21:03,02/02/15 20:27,02/02/15 21:03,02/02/15 21:03,02/02/15 21:03,02/02/15 21:03,02/02/15 21:03,02/02/15 21:03,1,1
14,Criar um README,false,false,servicosgovbr/guia-de-servicos,02/03/15 14:50,02/02/15 20:17,02/02/15 20:26,02/02/15 20:26,02/02/15 20:26,02/02/15 20:26,02/02/15 20:26,02/02/15 21:03,1,1
13,Compilar informações sobre usuários,false,false,servicosgovbr/guia-de-servicos,03/03/15 02:13,02/02/15 18:46,02/03/15 15:38,02/03/15 15:38,02/03/15 15:38,02/03/15 15:38,02/03/15 15:38,03/03/15 02:13,1,27
12,Documentar prós e contras do ElasticSearch,false,false,servicosgovbr/guia-de-servicos,02/04/15 12:48,02/02/15 18:41,02/02/15 18:41,02/02/15 18:41,02/02/15 18:41,02/02/15 18:41,02/02/15 18:41,02/03/15 14:56,1,1
11,Criar listas de emails,false,false,servicosgovbr/guia-de-servicos,02/02/15 18:40,02/02/15 18:39,02/02/15 18:39,02/02/15 18:39,02/02/15 18:39,02/02/15 18:39,02/02/15 18:39,02/02/15 18:40,1,1
10,Configurar Tablero,false,false,servicosgovbr/guia-de-servicos,02/02/15 19:04,02/02/15 18:39,02/02/15 18:39,02/02/15 18:39,02/02/15 18:39,02/02/15 18:39,02/02/15 18:39,02/02/15 19:04,1,1
9,Resumo da semana 1,false,false,servicosgovbr/guia-de-servicos,02/04/15 12:48,02/02/15 18:38,02/02/15 18:38,02/02/15 18:38,02/02/15 18:38,02/02/15 18:38,02/02/15 18:38,02/03/15 13:19,1,1
8,Subir fotos e organizá-las,false,false,servicosgovbr/guia-de-servicos,02/04/15 12:48,02/02/15 18:33,02/02/15 18:33,02/02/15 18:33,02/02/15 18:33,02/02/15 18:33,02/02/15 18:33,02/02/15 18:58,1,1
7,Análise das métricas atuais,false,false,servicosgovbr/guia-de-servicos,03/02/15 17:12,02/02/15 18:32,02/02/15 18:32,02/02/15 18:32,02/02/15 18:32,02/02/15 18:32,02/02/15 18:32,02/23/15 18:18,1,21
6,Adicionar geração de documentação automática,false,false,servicosgovbr/guia-de-servicos,02/02/15 16:41,02/02/15 16:27,02/02/15 16:37,02/02/15 16:37,02/02/15 16:37,02/02/15 16:37,02/02/15 16:37,02/02/15 16:41,1,1
5,Configurar CI/CD,false,false,servicosgovbr/guia-de-servicos,02/02/15 16:18,02/02/15 16:17,02/02/15 16:18,02/02/15 16:18,02/02/15 16:18,02/02/15 16:18,02/02/15 16:18,02/02/15 16:18,1,1
4,Adicionar git-crypt ao repositório,false,false,servicosgovbr/guia-de-servicos,02/02/15 16:15,02/02/15 16:11,02/02/15 16:15,02/02/15 16:15,02/02/15 16:15,02/02/15 16:15,02/02/15 16:15,02/02/15 16:15,1,1
3,Adicionar chaves GPG dos desenvolvedores,false,false,servicosgovbr/guia-de-servicos,02/02/15 16:15,02/02/15 15:57,02/02/15 16:15,02/02/15 16:15,02/02/15 16:15,02/02/15 16:15,02/02/15 16:15,02/02/15 16:15,1,1
2,Versão do Gradle não está travada,false,false,servicosgovbr/guia-de-servicos,02/02/15 15:54,02/02/15 15:53,02/02/15 15:54,02/02/15 15:54,02/02/15 15:54,02/02/15 15:54,02/02/15 15:54,02/02/15 15:54,1,1
1,Infraestrutura básica do projeto,false,false,servicosgovbr/guia-de-servicos,04/07/15 11:09,02/02/15 15:24,02/02/15 15:48,02/02/15 15:48,02/02/15 15:48,02/02/15 15:48,02/02/15 15:48,02/02/15 15:48,1,1
